sample_id,0610005C13Rik,0610007P14Rik,0610009B22Rik,0610009E02Rik,0610009L18Rik,0610009O20Rik,0610010F05Rik,0610010K14Rik,0610011F06Rik,0610012D04Rik,0610012G03Rik,0610025J13Rik,0610030E20Rik,0610031J06Rik,0610031O16Rik,0610037L13Rik,0610038B21Rik,0610039K10Rik,0610040B10Rik,0610040F04Rik,0610040J01Rik,0610043K17Rik,1010001B22Rik,1010001N08Rik,1100001G20Rik,1110001J03Rik,1110002E22Rik,1110002J07Rik,1110002L01Rik,1110004E09Rik,1110004F10Rik,1110007C09Rik,1110008E08Rik,1110008F13Rik,1110008L16Rik,1110008P14Rik,1110012L19Rik,1110015O18Rik,1110017D15Rik,1110018N20Rik,1110019D14Rik,1110020A21Rik,1110025L11Rik,1110028F11Rik,1110028F18Rik,1110032A03Rik,1110032F04Rik,1110034G24Rik,1110035H17Rik,1110036E04Rik,1110037F02Rik,1110038B12Rik,1110038F14Rik,1110046J04Rik,1110051M20Rik,1110054M08Rik,1110057K04Rik,1110057P08Rik,1110058L19Rik,1110059E24Rik,1110059G10Rik,1110065P20Rik,1190002F15Rik,1190002N15Rik,1190003K10Rik,1190005I06Rik,1190007I07Rik,1200007C13Rik,1200014J11Rik,1300002E11Rik,1300002K09Rik,1300017J02Rik,1500002C15Rik,1500004A13Rik,1500009C09Rik,1500009L16Rik,1500011B03Rik,1500011K16Rik,1500012F01Rik,1500012K07Rik,1500015A07Rik,1500015L24Rik,1500015O10Rik,1500017E21Rik,1500026H17Rik,1500035N22Rik,1520401A03Rik,1600002D24Rik,1600002H07Rik,1600002K03Rik,1600010F14Rik,1600012H06Rik,1600012P17Rik,1600014C10Rik,1600014C23Rik,1600014K23Rik,1600015I10Rik,1600016N20Rik,1600020E01Rik,1600025M17Rik,1600029I14Rik,1600029O15Rik,1700001C02Rik,1700001C19Rik,1700001F09Rik,1700001G01Rik,1700001G11Rik,1700001J03Rik,1700001J04Rik,1700001K19Rik,1700001L05Rik,1700001L19Rik,1700001O22Rik,1700001P01Rik,1700003D09Rik,1700003E16Rik,1700003E24Rik,1700003F12Rik,1700003G13Rik,1700003G18Rik,1700003H04Rik,1700003M02Rik,1700003M07Rik,1700006A11Rik,1700006E09Rik,1700006J14Rik,1700007B14Rik,1700007G11Rik,1700007J10Rik,1700007K09Rik,1700007K13Rik,1700007L15Rik,1700007M16Rik,1700007P06Rik,1700008F21Rik,1700008I05Rik,1700008O03Rik,1700008P02Rik,1700009J07Rik,1700009N14Rik,1700009P17Rik,1700010B08Rik,1700010D01Rik,1700010H22Rik,1700010I14Rik,1700010K23Rik,1700010K24Rik,1700010L04Rik,1700011A15Rik,1700011E24Rik,1700011H14Rik,1700011I03Rik,1700011L22Rik,1700011M02Rik,1700012A03Rik,1700012B07Rik,1700012B09Rik,1700012C08Rik,1700012C14Rik,1700012L04Rik,1700012P22Rik,1700013D24Rik,1700013F07Rik,1700013G24Rik,1700013H16Rik,1700013N06Rik,1700014D04Rik,1700015E13Rik,1700015F17Rik,1700015G11Rik,1700015O11Rik,1700016C15Rik,1700016D06Rik,1700016G14Rik,1700016H13Rik,1700016K19Rik,1700016P03Rik,1700017B05Rik,1700017D01Rik,1700017G19Rik,1700017I07Rik,1700017J07Rik,1700017N19Rik,1700018A04Rik,1700018B08Rik,1700018B24Rik,1700018C11Rik,1700018F24Rik,1700018M17Rik,1700019A02Rik,1700019B03Rik,1700019B21Rik,1700019D03Rik,1700019E08Rik,1700019G17Rik,1700019G24Rik,1700019L03Rik,1700019M22Rik,1700019N19Rik,1700019O17Rik,1700020A23Rik,1700020D05Rik,1700020I14Rik,1700020L24Rik,1700020N01Rik,1700020N15Rik,1700021A07Rik,1700021F05Rik,1700021F07Rik,1700021J08Rik,1700021K19Rik,1700021L23Rik,1700021N21Rik,1700021P04Rik,1700022A21Rik,1700022I11Rik,1700022N22Rik,1700023C21Rik,1700023E05Rik,1700023F06Rik,1700023H06Rik,1700023L04Rik,1700024B05Rik,1700024G13Rik,1700024J04Rik,1700024P04Rik,1700024P16Rik,1700025C18Rik,1700025D23Rik,1700025F22Rik,1700025G04Rik,1700025N21Rik,1700025O08Rik,1700026D08Rik,1700026D11Rik,1700026J12Rik,1700026J14Rik,1700026L06Rik,1700027A07Rik,1700027I24Rik,1700028E10Rik,1700028I16Rik,1700028J19Rik,1700028K03Rik,1700028N14Rik,1700028P14Rik,1700028P15Rik,1700029F12Rik,1700029H14Rik,1700029I15Rik,1700029J07Rik,1700029M20Rik,1700029N11Rik,1700029P11Rik,1700030A11Rik,1700030C10Rik,1700030C12Rik,1700030C14Rik,1700030J22Rik,1700030K09Rik,1700030M09Rik,1700031A10Rik,1700031F05Rik,1700031F10Rik,1700034B16Rik,1700034E13Rik,1700034G24Rik,1700034H15Rik,1700034I23Rik,1700034J05Rik,1700034O15Rik,1700034P13Rik,1700036A12Rik,1700036O09Rik,1700037C06Rik,1700037C18Rik,1700037F24Rik,1700037H04Rik,1700039E15Rik,1700039E22Rik,1700039M10Rik,1700040D17Rik,1700040F15Rik,1700040L02Rik,1700041G16Rik,1700041M05Rik,1700042B14Rik,1700042G07Rik,1700042G15Rik,1700042O10Rik,1700045H11Rik,1700046C09Rik,1700047A11Rik,1700047F07Rik,1700047I17Rik2,1700047K16Rik,1700048O20Rik,1700049E15Rik,1700049E17Rik1,1700049E17Rik2,1700049G17Rik,1700049J03Rik,1700049L16Rik,1700051A21Rik,1700052N19Rik,1700054K02Rik,1700054M17Rik,1700054O13Rik,1700055C04Rik,1700055D18Rik,1700055N04Rik,1700056E22Rik,1700056N10Rik,1700057G04Rik,1700057H15Rik,1700057H21Rik,1700058P15Rik,1700060C16Rik,1700060C20Rik,1700060J05Rik,1700061E18Rik,1700061F12Rik,1700061G19Rik,1700061H18Rik,1700061I17Rik,1700061J23Rik,1700063H04Rik,1700063H06Rik,1700064H15Rik,1700065D16Rik,1700066B19Rik,1700066J03Rik,1700066M21Rik,1700066O22Rik,1700067K01Rik,1700067P10Rik,1700069B07Rik,1700069L16Rik,1700071G01Rik,1700071K01Rik,1700071M16Rik,1700073E17Rik,1700074P13Rik,1700080E11Rik,1700080G11Rik,1700080N15Rik,1700080O16Rik,1700082M22Rik,1700084C01Rik,1700084C06Rik,1700084E18Rik,1700084J12Rik,1700084M14Rik,1700086D15Rik,1700086L19Rik,1700086O06Rik,1700086P04Rik,1700087M22Rik,1700088E04Rik,1700091H14Rik,1700092C02Rik,1700092C10Rik,1700092C17Rik,1700092E19Rik,1700092K14Rik,1700092M07Rik,1700093J21Rik,1700093K21Rik,1700095A21Rik,1700095B10Rik,1700095J03Rik,1700095J07Rik,1700095J12Rik,1700099I09Rik,1700101E01Rik,1700101I11Rik,1700101I19Rik,1700102P08Rik,1700104B16Rik,1700106J16Rik,1700108N11Rik,1700109G15Rik,1700109H08Rik,1700109K24Rik,1700110I01Rik,1700110K17Rik,1700111E14Rik,1700112D23Rik,1700112E06Rik,1700112J05Rik,1700112J16Rik,1700112K13Rik,1700113A16Rik,1700113H08Rik,1700116B05Rik,1700119I11Rik,1700120B22Rik,1700120C18Rik,1700120E14Rik,1700120G11Rik,1700120O09Rik,1700121C08Rik,1700121N20Rik,1700122E12Rik,1700122O11Rik,1700123I01Rik,1700123K08Rik,1700123L14Rik,1700123M08Rik,1700123O12Rik,1700123O20Rik,1700125G02Rik,1700125G22Rik,1700125H03Rik,1700125H20Rik,1700128E19Rik,1700128F08Rik,1700129C05Rik,1810008B01Rik,1810009A15Rik,1810009J06Rik,1810010H24Rik,1810010K12Rik,1810011H11Rik,1810011O10Rik,1810012K08Rik,1810013D15Rik,1810013L24Rik,1810014B01Rik,1810019D21Rik,1810019N24Rik,1810020O05Rik,1810021B22Rik,1810022K09Rik,1810024B03Rik,1810026B05Rik,1810026J23Rik,1810030O07Rik,1810032O08Rik,1810034E14Rik,1810037I17Rik,1810041L15Rik,1810043G02Rik,1810043H04Rik,1810046K07Rik,1810049J17Rik,1810055G02Rik,1810058I24Rik,1810059C17Rik,1810059H22Rik,1810062G17Rik,1810062O18Rik,1810063I02Rik,1810064F22Rik,1810065E05Rik,2010001A14Rik,2010001E11Rik,2010001K21Rik,2010002M12Rik,2010003K11Rik,2010005H15Rik,2010007H06Rik,2010012O05Rik,2010013B24Rik,2010015M23Rik,2010016I18Rik,2010106E10Rik,2010107E04Rik,2010107G12Rik,2010107G23Rik,2010109A12Rik,2010109I03Rik,2010110E17Rik,2010110K18Rik,2010111I01Rik,2010204K13Rik,2010300C02Rik,2010300F17Rik,2010315B03Rik,2010320O07Rik,2200002D01Rik,2200002J24Rik,2210008F06Rik,2210010C04Rik,2210011C24Rik,2210013O21Rik,2210015D19Rik,2210016F16Rik,2210016L21Rik,2210017G18Rik,2210018M11Rik,2210019I11Rik,2210404O09Rik,2210406O10Rik,2210407C18Rik,2210408F21Rik,2210408I21Rik,2210409E12Rik,2210411M09Rik,2210414B05Rik,2210417A02Rik,2210418O10Rik,2300002M23Rik,2300003K06Rik,2300005B03Rik,2300009A05Rik,2310001H17Rik,2310001K24Rik,2310002F09Rik,2310002J15Rik,2310002L09Rik,2310003H01Rik,2310003L06Rik,2310005A03Rik,2310005G13Rik,2310007B03Rik,2310007L24Rik,2310009B15Rik,2310010G23Rik,2310010J17Rik,2310011J03Rik,2310014F06Rik,2310014L17Rik,2310015A10Rik,2310015B20Rik,2310016D23Rik,2310016G11Rik,2310022A10Rik,2310022B05Rik,2310026I22Rik,2310026L22Rik,2310030G06Rik,2310031A07Rik,2310033P09Rik,2310034C09Rik,2310035C23Rik,2310036O22Rik,2310039H08Rik,2310040G07Rik,2310042E22Rik,2310043M15Rik,2310044K18Rik,2310045N01Rik,2310047M10Rik,2310050C09Rik,2310057J18Rik,2310057M21Rik,2310057N15Rik,2310058D17Rik,2310061I04Rik,2310061N02Rik,2310065F04Rik,2310067B10Rik,2310069G16Rik,2310075C17Rik,2310079G19Rik,2310081O03Rik,2410002F23Rik,2410003L11Rik,2410004B18Rik,2410004I01Rik,2410004N09Rik,2410004P03Rik,2410006H16Rik,2410012M07Rik,2410015M20Rik,2410016O06Rik,2410017I17Rik,2410018L13Rik,2410019O14Rik,2410024N13Rik,2410080I02Rik,2410088K16Rik,2410089E03Rik,2410114N07Rik,2410124H12Rik,2410127L17Rik,2410131K14Rik,2410137M14Rik,2410141K09Rik,2410152P15Rik,2500002B13Rik,2500004C02Rik,2510002D24Rik,2510003E04Rik,2510009E07Rik,2510016G02Rik,2510039O18Rik,2510046G10Rik,2510049J12Rik,2600006K01Rik,2610001J05Rik,2610002J02Rik,2610002M06Rik,2610005L07Rik,2610008E11Rik,2610015P09Rik,2610018G03Rik,2610020C07Rik,2610020F03Rik,2610020H08Rik,2610021A01Rik,2610024D14Rik,2610027K06Rik,2610028E06Rik,2610028H24Rik,2610034B18Rik,2610034M16Rik,2610035D17Rik,2610035F20Rik,2610037D02Rik,2610042L04Rik,2610044O15Rik8,2610203C20Rik,2610203C22Rik,2610204G07Rik,2610206C17Rik,2610301B20Rik,2610303G11Rik,2610305D13Rik,2610307P16Rik,2610316D01Rik,2610318N02Rik,2610507B11Rik,2610507I01Rik,2610524H06Rik,2610528A11Rik,2610528J11Rik,2700012I20Rik,2700016F22Rik,2700029M09Rik,2700033N17Rik,2700038G22Rik,2700046A07Rik,2700046G09Rik,2700049A03Rik,2700060E02Rik,2700062C07Rik,2700068H02Rik,2700069I18Rik,2700081O15Rik,2700089E24Rik,2700094K13Rik,2700097O09Rik,2700099C18Rik,2810001G20Rik,2810002D19Rik,2810004N23Rik,2810006K23Rik,2810007J24Rik,2810008D09Rik,2810021J22Rik,2810025M15Rik,2810029C07Rik,2810032G03Rik,2810039B14Rik,2810047C21Rik1,2810055G20Rik,2810403A07Rik,2810403D21Rik,2810404F17Rik,2810407A14Rik,2810408A11Rik,2810408I11Rik,2810408M09Rik,2810410L24Rik,2810417H13Rik,2810425M01Rik,2810428I15Rik,2810429I04Rik,2810430I11Rik,2810433D01Rik,2810442N19Rik,2810455O05Rik,2810459M11Rik,2810468N07Rik,2810471M01Rik,2810474O19Rik,2900005J15Rik,2900011O08Rik,2900026A02Rik,2900041M22Rik,2900052L18Rik,2900055J20Rik,2900072N19Rik,2900076A07Rik,2900079G21Rik,2900089D17Rik,2900092C05Rik,3000002C10Rik,3010001F23Rik,3010003L21Rik,3010026O09Rik,3100002H09Rik,3100003L05Rik,3110001I22Rik,3110002H16Rik,3110004A20Rik,3110007F17Rik,3110009E18Rik,3110018I06Rik,3110021A11Rik,3110021N24Rik,3110035E14Rik,3110039M20Rik,3110040N11Rik,3110043O21Rik,3110045C21Rik,3110052M02Rik,3110053B16Rik,3110056K07Rik,3110057O12Rik,3110062M04Rik,3110067C02Rik,3110070M22Rik,3110079O15Rik,3110082I17Rik,3110082J24Rik,3110083C13Rik,3110099E03Rik,3222401L13Rik,3300002A11Rik,3300002I08Rik,3300005D01Rik,3425401B19Rik,3632451O06Rik,3632454L22Rik,3830403N18Rik,3830406C13Rik,3830408C21Rik,3830417A13Rik,3930402G23Rik,4430402I18Rik,4631405J19Rik,4631405K08Rik,4632404H12Rik,4632411P08Rik,4632415L05Rik,4632427E13Rik,4632428C04Rik,4632428N05Rik,4632433K11Rik,4632434I11Rik,4731417B20Rik,4731419I09Rik,4732414G09Rik,4732419C18Rik,4732440D04Rik,4732456N10Rik,4732463B04Rik,4732471J01Rik,4732487G21Rik,4732490B19Rik,4732491K20Rik,4831440E17Rik,4833403I15Rik,4833407H14Rik,4833412C05Rik,4833413E03Rik,4833417C18Rik,4833418N02Rik,4833418N17Rik,4833420G17Rik,4833422C13Rik,4833422M21Rik,4833423E24Rik,4833424O15Rik,4833427F10Rik,4833427G06Rik,4833428L15Rik,4833439L19Rik,4921501E09Rik,4921504A21Rik,4921504E06Rik,4921507G05Rik,4921507L20Rik,4921507P07Rik,4921508D12Rik,4921508M14Rik,4921509A06Rik,4921509C19Rik,4921511C20Rik,4921511H03Rik,4921511M17Rik,4921513D11Rik,4921513I03Rik,4921514A10Rik,4921515E04Rik,4921517D22Rik,4921518K17Rik,4921522P10Rik,4921523L03Rik,4921524J17Rik,4921524L21Rik,4921528I07Rik,4921530L21Rik,4921531C22Rik,4921534H16Rik,4921536K21Rik,4921539E11Rik,4922502D21Rik,4930401G09Rik,4930401O10Rik,4930401O12Rik,4930402F06Rik,4930402H24Rik,4930402K13Rik,4930403D09Rik,4930403O15Rik,4930404A10Rik,4930404H24Rik,4930404I05Rik,4930404N11Rik,4930405A21Rik,4930405D11Rik,4930405H06Rik,4930405O22Rik,4930406D18Rik,4930407G08Rik,4930407I10Rik,4930408O17Rik,4930412B13Rik,4930412C18Rik,4930412D23Rik,4930412F09Rik,4930412L05Rik,4930412M03Rik,4930412O13Rik,4930415F15Rik,4930415H17Rik,4930415L06Rik,4930415O20Rik,4930417H01Rik,4930417O22Rik,4930419G24Rik,4930421P07Rik,4930423M02Rik,4930426D05Rik,4930426I24Rik,4930426L09Rik,4930427A07Rik,4930428D18Rik,4930428N03Rik,4930429F24Rik,4930430A15Rik,4930430D24Rik,4930430E12Rik,4930430F08Rik,4930431F12Rik,4930431P03Rik,4930432B10Rik,4930432E11Rik,4930432K21Rik,4930432L08Rik,4930432M17Rik,4930433I11Rik,4930433N12Rik,4930435E12Rik,4930435H24Rik,4930438A08Rik,4930438E09Rik,4930439A04Rik,4930440I19Rik,4930441J16Rik,4930442H23Rik,4930442J19Rik,4930442L01Rik,4930443O20Rik,4930444E06Rik,4930444G20Rik,4930444M15Rik,4930444P10Rik,4930445B16Rik,4930445N08Rik,4930445N18Rik,4930447A16Rik,4930447C04Rik,4930447F04Rik,4930447M23Rik,4930448D08Rik,4930448E22Rik,4930448H16Rik,4930448K20Rik,4930448N21Rik,4930449A18Rik,4930449E01Rik,4930449I24Rik,4930451C15Rik,4930451E10Rik,4930451G09Rik,4930451I11Rik,4930452B06Rik,4930453H23Rik,4930453N24Rik,4930453O03Rik,4930455B14Rik,4930455D15Rik,4930455G09Rik,4930455H04Rik,4930456L15Rik,4930458D05Rik,4930461C15Rik,4930461G14Rik,4930463O16Rik,4930465K10Rik,4930465M20Rik,4930466I24Rik,4930467D21Rik,4930467E23Rik,4930467K11Rik,4930468A15Rik,4930469B13Rik,4930469G21Rik,4930469K13Rik,4930470G03Rik,4930470P17Rik,4930471C04Rik,4930471C06Rik,4930471D02Rik,4930471M09Rik,4930473A02Rik,4930473D10Rik,4930474H06Rik,4930474N05Rik,4930477E14Rik,4930478K11Rik,4930479D17Rik,4930480E11Rik,4930480G23Rik,4930480K15Rik,4930480K23Rik,4930481A15Rik,4930481B07Rik,4930483J18Rik,4930483K19Rik,4930485B16Rik,4930486F22Rik,4930486I03Rik,4930486L24Rik,4930488B22Rik,4930500F10Rik,4930500J02Rik,4930500M09Rik,4930502E09Rik,4930502E18Rik,4930503B20Rik,4930503E14Rik,4930503H13Rik,4930503L19Rik,4930504O13Rik,4930505A04Rik,4930505G20Rik,4930505K14Rik,4930505M18Rik,4930505N22Rik,4930505O20Rik,4930506C21Rik,4930506M07Rik,4930507D05Rik,4930507D10Rik,4930509E16Rik,4930509G22Rik,4930509K18Rik,4930510E17Rik,4930511A02Rik,4930511M06Rik,4930511O05Rik,4930512B01Rik,4930512H18Rik,4930512M02Rik,4930513N10Rik,4930513O06Rik,4930515B02Rik,4930515G01Rik,4930515G13Rik,4930515L19Rik,4930516B21Rik,4930516K23Rik,4930517E11Rik,4930517O19Rik,4930518C09Rik,4930518I15Rik,4930519A11Rik,4930519D14Rik,4930519F09Rik,4930519F16Rik,4930519G04Rik,4930519P11Rik,4930520O04Rik,4930522H14Rik,4930522L14Rik,4930522N08Rik,4930522O17Rik,4930523C07Rik,4930524B15Rik,4930524J08Rik,4930524N10Rik,4930524O07Rik,4930524O08Rik,4930525G20Rik,4930525M21Rik,4930526A20Rik,4930526F13Rik,4930526L06Rik,4930527A07Rik,4930527B05Rik,4930527E20Rik,4930527J03Rik,4930528D03Rik,4930528G23Rik,4930528P14Rik,4930529C04Rik,4930529I22Rik,4930529M08Rik,4930532G15Rik,4930533B01Rik,4930533I22Rik,4930533K18Rik,4930534D22Rik,4930535I16Rik,4930535L15Rik,4930535O05Rik,4930538E20Rik
A_,645,1795,549,6,34,1230,568,24,1407,0,331,0,1292,3072,1,799,0,1,22,11,2149,8,3,109,0,424,0,5,57,393,1254,668,0,432,382,245,454,0,2,4,149,39,0,3,2,737,0,178,26,0,1694,1411,361,6,83,169,1629,0,464,2263,506,62,73,1010,0,1,153,0,979,638,1399,0,26,40,2,163,115,313,734,0,87,3,0,2,25,7,2,4,144,228,0,1304,0,362,1,0,0,248,239,0,10,0,0,5,0,0,1,3,0,4,90,20,59,0,47,91,0,0,0,0,0,20,0,0,0,16,0,9,1,0,3,27,0,0,1,0,4,0,0,0,22,0,0,0,128,0,2,0,2,0,457,9,0,0,0,0,1,0,0,1,0,0,0,6,0,0,0,9,0,0,0,10,0,0,7,59,0,299,1,0,0,0,0,1,0,0,1,0,0,0,0,0,305,0,511,0,36,0,0,0,0,0,4891,37,8,0,0,646,0,12,1128,0,0,0,0,0,6,0,2,2,2,10,0,0,0,0,260,0,0,0,222,0,0,0,0,0,0,1,0,0,11,1,57,15,0,0,0,0,1,47,17,0,0,0,16,7,0,0,43,128,0,0,0,0,0,0,0,35,0,0,0,11,0,0,0,63,0,531,0,0,1,2,0,109,0,0,0,1,0,0,1,0,1,0,0,1,5,0,0,0,286,0,0,0,495,0,0,0,0,10,4,5,9,70,0,0,40,0,1,20,2,1,7,8,0,0,0,0,0,0,519,0,239,0,1,0,0,0,0,0,0,0,0,0,2,0,0,2,0,2,0,0,0,0,6,54,5,0,29,0,0,0,0,0,0,2,0,1,0,0,0,0,2,0,7,0,0,21,0,0,3,0,4,5,0,36,0,0,46,0,16,0,17,0,0,0,0,0,0,0,0,0,0,6,0,6,0,0,6,0,982,0,0,0,0,0,0,0,0,12,0,43,0,4,3186,16,3,1710,47,485,9,0,34,370,26,70,1059,892,115,113,2231,62,174,268,47,0,699,727,6,46,16,7,7,18,71885,221,28,12,1913,485,81,31,232,0,8,183,9,4804,94,349,5,3034,1,15,913,19,2107,0,1376,2,7848,11,3,0,48,192,254,1943,794,0,661,10,291,12,6424,27,83,0,1,0,17,0,0,0,0,110,275,0,0,1,0,614,0,0,2,368,2,60,0,21,976,0,167,191,0,0,23,364,984,0,25,506,5,193,0,2658,1294,269,0,0,16,2,533,335,0,0,152,0,26,1500,0,0,6212,11,0,1,2,890,1,420,0,125,3,390,0,2293,408,15,15,5,0,0,0,165,0,0,102,392,0,0,0,61,107,490,954,1032,0,3380,37,1114,0,996,424,1360,38,411,217,77,9,1,175,271,1,2,0,0,1846,0,572,0,64,0,270,12,2,0,0,166,0,2,1,0,52,9785,155,24,19103,1181,5,7,575,2,58,0,39,295,2654,190,11,0,83,3084,287,318,74,89,136,482,216,0,142,241,177,7,1,43,0,2,2404,81,12,0,208,17,257,108,950,0,405,15,0,1,3,20,1137,5,0,1344,38,0,4981,5,60,0,1,162,0,6,0,43,0,11,17,0,79,136,1284,0,1,27,0,3,2,1,0,423,522,15,145,54,146,369,50,7,10,0,173,0,3,0,36,0,6,3,2,235,1,3,874,3,0,19,28,3,11,169,32,117,65,95,55,9,103,0,6,2,0,7,1,36,0,104,71,70,14,1,218,6,2,13,87,0,961,4,1,5,4,0,0,0,6742,0,0,0,8,4,21,0,0,0,0,0,0,0,0,0,6,0,0,1,1,0,306,0,0,0,78,0,107,1,0,0,0,0,0,727,0,0,3,0,0,12,23,2,0,0,3,0,0,0,1,0,32,0,0,0,3,0,0,0,0,82,17,0,0,0,0,8,0,0,392,0,0,5,0,0,0,117,0,3,0,0,5,0,0,0,0,0,0,0,0,0,0,0,3,0,0,0,0,0,0,0,0,0,0,0,0,0,0,3,0,0,1,2,0,0,0,12,3,16,0,23,0,942,0,0,0,13,0,4,53,0,2,0,0,0,1,0,0,0,0,0,0,0,0,0,0,0,0,0,5,0,0,0,0,0,1,0,0,0,72,216,26,2,0,1,0,0,1,0,10,0,0,0,0,0,0,0,6,0,0,0,0,0,1,0,8,1789,2,0,47,16,0,3,0,5,0,5,37,0,14,0,0,36,0,0,82,0,0,0,0,12,0,0,2,0,0,4,63,0,113,0,0,166,0,7,0,7,0,6,0,6,0,3,0,0,0,0,0,0,0,0,0,2,1,1,0,0,0,0,0,0,0
B_,569,1960,586,14,34,1268,587,19,1446,1,379,0,1491,3756,7,692,0,4,25,7,2984,7,7,98,0,462,0,6,45,386,1218,1019,0,509,439,201,369,0,1,2,153,47,0,2,5,906,4,121,34,0,1754,1602,492,10,109,196,1818,0,405,1997,455,61,90,1787,0,6,130,4,1055,577,838,0,34,56,0,160,123,253,744,0,108,0,1,0,30,1,3,6,139,195,0,1869,1,297,0,0,0,240,216,0,6,0,1,3,0,0,0,1,0,1,104,11,62,3,70,99,0,0,0,0,0,12,0,0,0,41,0,4,0,0,4,35,0,0,0,0,3,0,0,0,19,0,0,0,149,0,1,1,0,1,75,2,0,0,0,0,4,0,0,0,0,0,0,1,0,0,2,3,0,0,6,9,1,1,27,44,2,317,0,0,0,0,0,1,0,0,0,0,1,0,0,0,451,0,1305,0,153,0,0,0,0,0,4918,54,4,0,0,769,0,12,1187,0,0,3,0,0,3,0,1,1,2,20,0,0,0,0,193,0,0,0,1166,0,0,0,0,0,0,0,0,0,6,1,49,3,0,0,0,0,1,48,23,0,0,0,42,3,0,0,36,138,1,0,0,0,0,0,0,23,0,0,0,25,0,0,0,58,0,527,0,0,0,0,0,148,4,0,0,4,1,3,0,0,0,0,0,3,2,0,0,0,197,0,0,0,595,0,0,0,0,6,16,9,4,30,0,0,75,0,0,14,0,0,2,1,1,0,0,0,2,1,643,0,227,0,8,0,0,0,0,0,3,0,0,0,0,0,0,0,4,2,0,1,0,0,3,61,1,0,14,0,0,0,0,0,0,9,0,0,0,0,0,0,0,0,8,1,0,16,0,0,16,0,13,5,1,39,0,0,15,0,13,0,35,0,0,0,2,0,0,0,0,0,0,5,0,11,0,0,14,0,1041,0,0,0,0,0,0,0,0,4,0,26,0,4,3306,18,1,2444,44,588,2,0,38,438,37,63,1120,917,161,160,2533,10,211,339,57,0,583,710,0,37,40,11,16,22,23042,239,7,34,865,1283,37,45,350,0,17,151,89,5028,145,363,5,16169,1,12,1005,31,2690,0,1321,2,7447,3,2,0,105,209,242,2155,907,0,638,31,263,6,1126,1,78,0,7,0,44,0,1,0,0,113,337,0,0,0,0,619,0,0,0,282,3,84,0,34,1216,0,95,250,5,0,12,414,873,0,15,599,4,209,11,3544,1640,342,0,0,19,0,505,497,0,0,177,0,28,1573,0,0,5749,5,0,159,0,871,0,474,0,169,3,475,0,2421,396,1,4,2,0,0,0,182,0,0,112,419,0,0,0,57,153,515,897,1244,2,4262,43,1291,0,1216,398,1350,33,357,148,353,20,0,154,280,2,0,0,0,1970,0,511,0,35,0,299,0,1,0,5,138,0,3,2,0,46,11376,125,51,12934,1624,7,2,432,0,35,0,59,342,2683,273,0,0,62,3114,336,229,100,169,128,482,201,0,163,254,143,13,0,54,0,1,2570,81,5,0,129,13,356,150,784,4,498,8,0,1,4,33,1303,6,0,1427,46,12,5890,0,57,0,0,160,0,11,0,61,0,16,21,0,72,221,1273,0,2,19,0,3,1,0,0,434,470,21,183,66,175,332,55,3,12,0,151,0,6,0,15,14,5,2,27,225,3,1,935,4,0,46,39,0,9,149,35,100,29,82,29,5,149,0,3,0,0,13,0,15,1,116,81,57,11,0,475,0,5,12,98,0,1058,3,0,2,0,0,0,0,7804,0,0,0,4,6,29,0,0,0,0,0,0,0,3,0,13,0,0,3,0,0,331,0,0,0,149,0,125,4,0,0,0,0,0,368,0,0,6,0,0,12,45,6,0,0,1,0,0,0,3,0,26,0,0,0,9,0,0,0,0,94,42,0,0,0,0,0,0,0,551,0,0,2,0,0,0,71,0,2,0,0,7,0,0,0,0,0,0,0,0,0,1,0,2,0,0,0,0,1,0,0,0,0,0,0,0,0,0,6,0,2,0,3,0,0,0,7,4,8,0,51,0,885,0,0,0,10,0,0,28,0,0,0,2,0,1,1,0,1,0,0,0,0,1,0,1,0,0,0,4,0,0,0,0,0,0,0,0,0,83,123,16,1,2,3,0,0,1,0,12,1,1,1,6,0,0,0,2,0,0,0,0,0,2,0,18,1863,7,0,22,19,0,0,0,0,0,3,14,0,17,0,0,40,0,0,56,0,0,0,0,16,0,0,1,0,0,2,77,0,94,0,0,265,0,10,0,5,0,15,0,9,0,0,0,0,0,1,0,0,0,0,0,4,1,0,0,0,0,0,1,0,0
C_,710,3997,964,18,59,2488,1001,55,2914,0,885,2,2106,5293,12,1362,1,3,43,8,4943,10,24,145,0,1164,0,16,94,696,2486,1253,0,871,866,488,771,0,3,9,252,80,0,5,2,1466,9,287,41,2,2694,2951,890,16,204,346,2633,0,659,3001,814,174,224,2300,0,3,384,0,1512,869,2156,2,25,109,0,192,196,670,2099,0,191,2,2,8,42,2,20,8,251,502,0,2901,1,464,3,0,0,561,533,0,16,0,0,10,0,0,5,3,0,8,187,16,154,0,85,208,0,1,0,0,0,62,1,0,0,64,7,9,3,1,2,71,0,0,0,0,10,0,0,1,69,0,0,0,247,0,0,2,0,1,231,2,0,0,0,0,8,0,0,6,0,0,5,8,0,0,0,4,0,0,6,3,1,2,55,57,0,552,0,0,0,0,0,1,0,2,0,0,0,0,0,0,709,0,965,0,108,0,0,0,0,2,8094,109,2,0,0,1219,0,25,2092,0,0,1,0,2,16,0,2,6,3,43,0,0,0,0,202,0,0,0,1687,0,0,3,0,0,0,0,0,0,11,1,88,14,0,0,0,0,0,76,41,0,0,0,20,4,0,0,67,237,1,0,0,0,0,0,0,27,0,0,0,16,4,0,0,123,0,1042,0,0,0,1,0,301,7,0,0,2,4,0,2,0,0,0,0,15,5,0,0,0,403,0,0,3,984,0,0,0,0,17,29,17,24,3,0,0,109,0,0,34,1,0,11,11,1,0,0,0,3,4,1639,0,457,0,17,0,2,0,0,0,2,1,0,0,0,0,0,3,6,12,0,1,0,0,14,159,7,0,27,0,0,0,0,0,0,15,0,3,0,0,0,0,0,0,17,3,0,26,0,0,7,0,24,9,0,105,0,1,38,1,14,0,40,0,0,0,0,0,0,0,0,0,0,1,0,8,0,0,22,0,1662,0,0,0,0,0,0,0,0,13,0,84,0,4,3659,43,3,2949,98,1010,28,1,85,764,64,112,1776,1576,399,255,3935,48,426,783,77,0,1178,1226,5,151,97,27,29,39,24537,315,28,29,482,783,16,149,577,0,19,317,37,7986,269,686,13,13971,7,39,2205,82,4398,0,2199,3,9033,16,9,12,112,469,489,3029,1528,0,1025,23,459,29,1188,9,149,0,20,4,46,0,0,0,0,165,475,2,1,1,0,1120,0,1,2,380,8,158,0,89,1863,0,36,325,10,0,12,699,1704,0,33,971,4,281,1,5598,2620,968,2,0,29,0,889,766,0,0,272,0,49,2830,0,0,9472,15,0,23,0,2005,0,755,0,508,9,1677,0,4094,615,2,5,12,2,5,0,282,0,0,184,619,0,0,0,93,309,1108,1354,2187,4,6309,114,1711,3,1876,916,2095,77,642,347,692,23,0,402,487,1,2,1,0,2929,0,738,0,106,1,494,15,8,1,13,305,0,8,1,0,129,15914,292,85,17337,2306,11,11,859,1,104,0,79,588,5261,372,4,0,198,6111,932,339,258,351,172,864,352,0,422,357,295,22,1,87,0,7,4816,158,19,0,340,36,618,324,1553,10,1107,9,4,4,2,54,1842,7,0,2105,124,13,6151,2,125,0,1,359,0,4,0,114,0,49,54,0,48,218,1858,0,3,44,0,6,8,0,0,969,910,44,297,89,285,538,113,7,16,1,317,0,0,1,23,12,18,4,22,527,1,38,1513,12,0,42,46,9,25,274,39,202,97,112,86,20,206,0,15,1,0,30,2,21,0,132,118,74,32,0,228,4,4,4,210,0,1922,5,1,3,3,0,0,0,9729,0,0,0,3,8,84,0,0,0,0,0,0,0,3,0,16,0,1,0,0,0,543,0,0,0,144,0,243,1,1,0,0,0,0,732,0,0,1,0,0,26,91,9,0,0,0,0,0,0,3,1,26,0,0,0,19,0,0,0,0,101,53,0,0,0,0,4,4,0,1100,0,0,4,0,0,0,144,0,0,0,5,13,1,0,0,0,0,0,1,0,1,1,0,3,0,0,2,1,0,0,0,0,0,0,0,0,0,1,3,1,0,1,6,0,0,0,33,11,18,0,125,0,1445,0,0,0,13,1,0,79,0,0,0,3,0,0,0,0,0,0,0,0,2,1,0,0,0,1,1,8,0,0,0,0,0,1,0,0,0,112,253,55,4,4,4,1,0,0,0,9,0,0,1,4,1,0,0,7,0,1,0,0,0,2,0,21,2621,6,0,44,29,0,2,0,6,0,7,7,0,34,0,0,46,0,0,96,0,0,3,2,36,0,0,3,0,0,2,133,0,190,0,0,465,0,36,0,20,0,23,0,20,0,4,0,0,0,0,0,0,0,1,0,15,0,4,0,0,0,0,0,0,0
D_,923,2125,877,14,62,1039,705,16,2246,0,566,1,1565,3535,1,697,0,9,60,24,2907,6,15,138,0,1392,0,1,52,489,2143,1107,0,626,414,391,672,0,6,1,209,68,0,3,3,1031,9,290,26,1,1849,2715,466,13,91,198,1705,0,762,4610,783,149,133,1141,0,9,274,0,1111,1045,1670,0,19,46,3,297,181,827,1865,0,104,0,1,5,59,6,11,14,117,313,0,1760,0,362,0,0,0,308,285,0,9,0,1,7,0,0,1,2,0,4,114,17,74,4,82,126,0,1,0,0,0,10,0,0,0,22,0,20,0,1,2,96,0,0,2,0,5,0,0,0,27,0,0,2,203,0,0,0,0,0,524,8,0,0,0,0,0,0,0,5,0,0,3,1,0,0,0,7,0,0,1,17,0,1,44,76,6,605,0,0,0,0,0,0,0,0,0,0,0,0,0,0,424,0,466,0,68,0,0,0,1,0,5897,80,5,0,0,795,0,9,1201,0,0,0,0,0,17,0,1,2,0,81,0,0,0,1,529,0,0,0,163,0,0,2,0,0,0,2,3,0,8,0,54,10,0,0,0,0,0,39,20,0,0,0,19,2,0,0,54,108,0,0,0,0,0,0,0,54,0,0,0,27,0,0,0,139,0,742,1,0,1,7,0,124,9,0,0,2,0,3,10,0,0,0,0,12,2,0,0,0,364,0,0,0,530,0,0,0,0,6,7,16,9,196,0,0,95,0,0,28,0,0,4,7,0,0,0,0,1,0,521,0,306,0,2,0,0,0,0,0,1,0,0,0,0,0,0,0,2,1,0,1,0,0,10,72,4,0,22,0,0,0,0,0,0,5,1,0,0,0,0,0,0,1,15,15,0,16,0,0,4,0,5,9,0,94,0,0,51,0,32,0,42,0,0,0,1,0,0,0,0,1,0,1,0,6,0,0,13,0,1839,0,0,0,0,0,0,0,0,7,0,87,0,13,6026,16,1,2431,63,513,9,0,38,526,39,77,1177,966,242,197,4566,9,188,533,54,0,712,966,2,79,82,8,17,28,149888,389,53,7,3025,752,137,28,304,1,6,175,45,8546,127,748,7,3123,0,7,1095,37,1972,0,2002,5,20492,13,5,0,96,246,393,2991,1132,0,764,13,638,11,8557,34,102,0,5,0,18,0,0,0,1,123,467,0,1,0,0,949,0,0,0,394,0,177,0,62,1913,0,59,207,2,0,42,425,1366,0,6,622,2,219,0,3910,1599,523,0,0,28,2,628,467,0,0,222,0,50,1537,0,0,7069,4,0,0,0,1013,0,651,0,341,4,1731,0,3874,475,13,8,14,0,0,2,252,1,0,122,470,0,0,0,98,191,656,910,1066,2,3801,113,1850,1,987,471,1798,44,484,219,95,18,0,156,284,0,1,0,2,1933,0,966,0,48,0,464,0,8,0,8,194,0,3,2,1,38,10051,170,37,33743,1748,6,2,686,1,42,0,60,294,4469,244,10,0,122,3542,455,387,94,291,154,546,189,0,182,183,152,11,0,61,0,6,2474,170,21,0,253,17,403,106,779,1,706,7,0,0,5,76,991,11,0,1396,24,6,6760,1,31,0,2,196,0,18,0,48,1,15,24,0,64,365,1378,0,4,28,0,3,0,0,0,576,786,46,188,111,184,574,66,1,22,2,193,0,0,0,44,3,25,2,5,318,2,5,1013,2,0,6,29,1,9,133,24,142,67,117,66,7,77,0,8,2,2,8,0,27,2,91,124,77,21,0,530,0,5,10,128,0,1485,5,0,19,0,2,0,0,8991,0,0,0,8,6,34,0,0,0,0,0,0,0,2,0,21,0,0,1,1,0,588,0,0,0,119,0,100,0,0,0,0,0,0,918,0,0,3,0,0,14,28,3,0,0,3,0,0,0,2,0,46,0,0,0,18,0,0,0,0,152,39,0,0,0,0,4,0,0,357,0,0,2,0,0,0,145,0,5,1,1,5,0,0,0,0,0,0,0,0,2,0,0,2,0,0,0,1,0,1,0,0,0,0,0,0,0,0,9,0,0,3,6,0,0,0,4,2,9,1,28,0,984,0,0,0,19,1,4,48,0,2,0,0,0,0,0,0,1,0,0,0,0,0,0,0,0,0,0,7,0,0,0,0,0,0,0,0,0,93,314,35,2,1,1,0,0,0,0,21,1,0,1,0,0,0,0,17,0,1,0,0,0,1,0,21,1932,0,1,37,23,0,1,0,3,0,4,7,0,23,0,0,31,0,0,63,0,0,0,0,9,0,0,1,0,0,1,58,0,214,0,0,141,0,5,0,13,0,18,0,5,0,16,0,0,1,0,0,0,0,0,0,3,0,0,0,0,0,0,0,0,0
E_,942,2566,766,22,24,1476,736,21,2295,0,609,0,1891,4737,0,801,0,1,15,21,3392,1,3,115,0,710,1,13,74,588,1960,1537,0,728,582,382,715,0,0,3,193,39,0,5,1,1052,6,208,20,1,2482,1874,505,10,111,177,2228,0,646,3215,611,111,75,1787,0,5,220,0,1495,755,1036,1,20,37,0,354,161,518,667,0,62,2,3,0,39,9,8,3,107,237,0,2044,0,479,0,0,0,242,222,0,8,1,0,5,0,0,1,0,0,4,82,17,85,1,37,124,0,0,0,1,0,22,0,0,0,11,0,6,0,0,6,36,0,0,0,0,4,0,0,0,25,0,0,0,98,0,2,0,0,0,448,5,2,0,0,0,4,0,0,7,0,0,0,3,0,0,0,7,0,0,1,28,0,2,11,105,0,494,0,0,0,0,0,0,0,0,7,0,0,0,0,0,332,0,1054,0,58,0,1,0,0,0,5230,84,11,0,0,1034,0,11,1452,0,0,0,0,0,9,0,0,1,0,19,0,0,0,0,524,0,0,0,424,0,0,0,0,0,0,0,0,0,5,1,53,6,0,0,0,0,0,41,20,0,0,0,15,2,0,0,57,130,0,0,0,0,0,0,0,40,0,0,0,18,0,0,0,128,0,816,0,0,0,1,0,141,6,0,0,0,0,0,4,0,0,0,0,5,4,0,0,0,292,0,0,0,741,0,0,0,0,20,13,16,7,138,0,0,57,0,0,18,1,0,3,3,1,0,0,0,1,0,597,0,330,0,11,0,0,0,0,0,1,0,0,0,0,0,0,2,2,1,0,0,0,0,16,54,2,0,24,0,0,0,0,0,0,7,0,0,0,0,0,0,0,0,5,1,0,14,0,0,4,0,9,8,0,32,0,0,76,0,20,0,28,0,0,0,0,0,0,0,0,0,0,3,0,15,0,0,7,0,1364,0,0,0,0,0,0,0,0,4,0,56,0,3,5130,23,0,2696,41,391,6,0,45,438,36,82,1664,1174,138,189,3751,8,134,462,64,0,971,1023,1,57,19,2,16,11,107598,372,43,33,1548,1540,85,8,270,0,8,171,63,7829,122,530,14,11951,0,24,1055,31,2653,1,1776,0,16006,17,5,0,108,238,388,3374,1024,0,660,22,396,3,8850,12,117,0,11,4,18,1,0,0,0,101,298,0,0,0,0,1025,0,0,0,474,2,112,0,64,1941,0,98,190,3,0,18,469,1243,0,16,652,6,273,0,3629,2463,469,0,0,13,3,630,705,0,0,202,0,34,1972,0,0,7515,6,0,28,0,969,0,625,0,163,6,508,0,3691,542,6,14,1,0,0,7,200,0,0,143,558,0,0,0,46,147,597,1170,1251,2,5514,66,2028,1,1436,584,1679,46,372,186,136,9,0,157,367,0,1,0,0,2829,0,936,0,58,0,339,6,0,0,4,227,0,1,1,0,47,13203,131,22,28022,2126,2,2,673,0,54,1,45,271,4013,327,8,0,90,4102,369,313,70,119,185,627,325,0,158,274,224,14,1,30,0,0,2965,76,12,0,205,16,395,90,895,0,725,11,0,2,2,64,1514,5,0,1597,26,5,7396,2,45,0,0,130,0,5,0,44,0,17,34,0,136,256,1705,0,12,26,0,3,4,0,1,645,688,23,193,87,154,496,57,1,29,0,201,0,0,0,47,3,17,2,6,282,1,56,1015,5,0,37,58,1,15,148,44,131,42,96,65,9,95,0,7,3,0,10,3,35,0,97,62,68,11,0,463,1,2,12,112,0,1062,4,0,14,2,0,0,2,11671,0,2,0,4,1,28,0,0,0,0,0,0,0,0,1,14,0,3,0,1,0,375,0,0,0,158,0,154,0,0,0,0,0,0,693,0,0,2,0,0,15,28,9,0,0,0,0,0,0,0,0,20,0,0,0,8,0,0,0,0,129,23,0,0,0,0,4,0,1,468,0,0,1,0,0,0,139,0,2,1,0,2,0,0,0,4,0,0,0,0,0,0,0,14,0,0,0,0,0,1,0,0,0,0,0,0,0,0,8,0,0,3,1,0,0,0,6,2,7,0,18,0,1149,0,0,0,10,0,0,49,0,4,0,0,0,7,0,0,0,0,0,0,0,0,0,0,0,0,0,8,0,0,0,0,0,0,0,1,0,83,176,26,1,1,4,0,0,1,0,21,0,0,0,3,0,0,0,11,0,1,0,0,0,3,0,10,2578,4,0,92,13,0,0,0,5,0,5,4,0,19,0,0,32,0,0,45,0,0,0,0,10,0,0,2,0,0,5,50,0,114,0,0,149,0,13,0,17,0,9,0,3,0,6,0,0,1,0,0,0,0,0,0,5,5,0,0,0,0,0,0,0,0
F_,564,1578,457,7,31,721,408,14,1043,0,474,0,1255,2720,0,702,0,2,15,8,1700,4,6,44,8,443,0,1,26,365,1360,883,0,413,208,275,299,0,0,16,109,43,0,11,5,618,13,157,35,0,1254,1321,402,20,58,145,1365,0,345,1839,365,46,40,894,0,3,149,0,984,663,1069,0,23,44,0,252,104,320,573,0,107,0,4,8,32,13,2,5,114,150,0,1159,0,298,0,0,0,217,187,0,5,1,0,6,0,0,0,5,0,7,79,5,50,2,40,59,0,0,0,0,0,18,2,0,2,12,0,4,4,0,0,27,0,0,0,0,6,0,0,0,8,0,0,0,72,0,0,0,0,0,274,4,0,0,0,0,6,0,0,0,0,0,3,3,0,0,0,8,0,0,0,11,0,0,2,62,4,476,0,0,0,0,0,2,0,0,0,0,0,0,1,0,229,0,853,0,67,0,0,0,3,1,3593,64,2,0,0,627,0,14,777,0,0,0,0,0,6,0,0,4,2,2,0,0,0,0,401,0,0,0,216,4,0,0,0,0,0,3,0,0,8,0,47,13,0,0,0,0,0,40,35,0,0,0,42,14,0,0,35,75,0,0,0,0,0,0,0,42,0,0,0,9,0,0,0,83,1,476,0,0,0,5,0,51,0,0,0,2,0,0,1,0,0,0,0,5,9,0,0,0,191,0,0,0,422,0,0,0,0,6,5,8,21,200,0,0,75,0,0,18,1,0,6,16,0,0,0,0,0,2,354,0,156,0,7,0,0,0,0,0,0,1,0,0,0,0,0,2,3,5,0,0,0,0,4,25,2,0,16,0,0,0,0,0,0,9,1,7,0,0,0,0,0,2,3,2,0,12,0,0,3,0,7,3,0,27,0,2,30,0,9,0,18,0,0,0,0,0,2,0,0,0,0,3,0,10,0,0,8,0,934,0,0,0,0,0,0,0,0,13,0,28,0,15,3322,10,0,2117,28,455,4,4,15,409,26,93,905,687,146,93,2487,284,155,272,39,0,502,751,1,27,9,13,9,5,118672,248,12,24,1843,1380,52,28,213,0,5,309,117,4774,174,278,12,11921,0,4,904,25,1289,0,992,0,11391,5,0,0,63,186,203,1530,678,0,368,12,249,5,2516,18,46,0,0,0,12,0,0,0,0,121,229,0,0,0,0,711,0,0,0,242,0,64,0,41,1191,0,45,196,0,0,34,290,1093,0,9,458,4,192,0,2492,1699,324,5,0,23,3,460,491,0,0,145,0,48,1394,0,1,3345,6,0,5,0,900,0,470,0,228,0,360,0,2055,417,10,16,2,0,0,0,128,0,0,95,270,0,0,0,23,98,436,687,644,3,2843,41,1621,12,845,405,960,27,269,132,57,7,0,136,258,0,0,4,0,1851,0,772,0,43,0,214,98,9,0,5,177,0,7,1,0,19,6600,92,18,26643,1314,6,5,492,5,72,0,21,157,2581,162,4,0,96,2802,196,262,66,116,116,422,143,0,233,135,130,7,7,57,0,4,2437,61,14,0,125,4,324,99,367,0,422,7,5,3,0,26,599,11,0,1303,54,20,4770,9,21,0,0,160,0,9,0,32,1,14,12,0,23,142,1138,0,4,22,0,2,0,0,0,379,532,28,105,51,204,341,66,6,10,0,81,0,0,0,13,4,5,8,2,112,4,10,786,6,0,32,30,2,9,144,37,76,90,56,131,11,57,0,5,0,0,6,4,46,0,90,39,57,12,0,265,17,3,4,89,0,781,16,0,9,26,1,0,0,5881,0,1,0,10,5,29,0,0,0,2,0,0,0,0,0,8,0,0,0,0,0,199,0,0,0,63,0,60,1,0,3,0,0,0,801,0,0,0,0,0,18,13,3,0,0,0,0,0,0,0,0,18,0,0,0,6,0,2,0,0,63,46,0,1,0,0,4,0,0,242,0,0,39,0,0,5,31,0,0,4,2,3,1,0,0,0,0,0,0,0,1,2,0,6,0,0,2,0,0,1,0,0,0,0,0,4,0,0,8,2,0,0,0,0,0,0,5,5,0,0,11,0,823,0,0,0,17,0,0,37,0,0,0,2,0,0,0,0,0,0,0,0,0,0,0,0,0,0,0,7,0,0,0,0,0,0,0,0,0,37,82,26,1,8,8,0,0,1,0,11,0,0,2,1,0,0,0,26,0,0,0,0,0,6,0,11,1501,1,0,32,9,0,0,0,20,0,1,17,0,6,0,0,20,0,0,36,0,0,0,0,12,0,0,0,0,0,0,37,0,38,0,0,147,0,6,0,9,0,5,0,3,0,2,0,0,1,1,0,0,0,0,0,5,0,1,0,0,2,0,0,0,0
G_,1433,2988,1011,20,67,1738,1026,50,2221,2,869,3,3218,5965,0,1040,1,1,49,20,3835,16,17,230,0,847,0,4,110,669,2382,1556,0,889,592,505,846,0,0,4,259,61,0,18,0,1285,2,294,49,1,3287,3132,602,13,96,309,2649,0,739,3919,804,123,47,2060,0,6,296,0,1781,1364,2858,7,63,72,0,365,267,706,1550,0,244,1,2,1,52,3,7,3,155,357,1,2454,0,541,1,0,0,457,471,0,10,1,0,3,0,0,0,5,0,14,101,11,113,0,130,198,0,0,0,0,0,28,0,0,0,27,0,24,3,0,13,61,0,0,0,0,5,0,0,0,30,2,0,0,236,0,3,2,0,0,750,11,1,0,0,0,2,0,0,2,0,0,9,0,0,0,0,8,0,0,0,13,0,1,14,144,0,741,1,0,0,0,0,0,0,0,0,0,2,3,2,0,409,0,895,0,99,0,0,0,0,0,10337,97,9,0,0,1099,0,39,2084,0,0,0,0,1,11,0,1,8,5,25,0,0,0,0,658,0,0,0,169,2,0,0,0,0,0,0,0,0,13,1,65,15,0,0,0,0,0,70,52,0,0,0,39,11,1,0,89,178,0,0,0,0,0,0,0,92,0,3,0,18,0,0,0,147,0,808,0,0,0,2,0,156,8,0,0,0,0,0,9,0,0,0,0,6,6,0,0,0,645,0,0,0,846,0,0,0,0,16,6,8,14,306,0,0,104,0,0,39,2,0,11,13,0,0,0,0,1,0,566,0,384,0,15,0,0,0,0,0,0,0,0,0,0,0,0,1,1,6,0,0,0,0,2,83,3,0,33,0,0,0,0,0,0,1,0,0,0,0,0,0,2,0,16,1,0,25,0,0,2,0,5,18,0,54,0,0,85,0,19,0,34,0,0,0,0,0,3,0,0,0,0,4,1,6,0,0,19,0,1727,0,0,0,0,0,0,0,0,17,0,109,0,2,8115,38,1,3581,85,1036,8,0,116,637,45,124,2029,1553,252,264,3515,140,213,632,89,0,879,1366,4,69,16,11,14,22,255495,428,53,17,4029,518,121,50,269,0,16,672,21,8262,152,607,11,3223,4,9,1581,42,3582,0,2555,0,21153,24,11,0,121,280,539,3331,1546,0,1286,4,676,26,4442,60,118,0,7,1,30,0,0,0,0,214,414,2,0,1,0,1442,0,0,0,691,7,204,0,67,2108,0,79,401,0,0,63,704,2202,0,37,1093,3,371,0,5648,2481,635,0,0,47,3,934,706,0,0,217,0,47,2999,0,0,11368,3,0,0,0,1734,0,863,1,401,8,1121,0,3906,798,20,35,10,0,2,1,340,0,0,174,895,0,1,0,89,164,874,1667,1476,0,6649,73,2627,5,1396,664,2455,59,709,364,88,23,0,250,517,0,3,1,0,3629,0,1096,0,132,0,441,44,3,0,7,266,0,6,1,0,39,19215,294,24,58489,2649,20,10,808,7,124,0,105,349,4799,385,9,0,217,5556,340,631,35,190,267,950,380,0,419,429,194,16,2,79,0,5,5280,168,20,0,345,10,523,251,602,7,1007,7,0,1,0,110,2345,22,0,2516,71,0,11103,2,92,0,4,264,0,27,0,51,0,37,26,0,40,382,2401,0,3,28,0,8,4,0,0,750,1089,28,250,131,351,904,96,3,45,3,176,0,1,0,76,1,45,8,9,311,3,9,1447,2,0,26,84,1,31,348,70,256,209,175,96,14,62,0,5,0,0,22,0,83,5,138,105,109,42,0,620,3,9,32,178,0,2006,11,0,22,3,0,0,0,13703,0,0,0,9,14,52,0,0,0,0,0,0,0,5,0,22,0,1,0,0,0,656,0,0,0,159,0,180,2,0,0,0,0,0,1535,0,0,0,0,0,16,22,9,0,0,8,0,0,0,1,0,52,0,0,0,26,0,0,0,0,123,24,0,0,0,0,16,2,0,362,0,0,11,0,0,2,174,0,0,2,0,8,0,0,0,0,0,0,0,0,1,0,0,13,0,0,1,0,0,0,0,0,0,0,0,1,0,0,6,2,0,2,5,0,0,0,11,5,31,0,22,0,1491,0,0,0,8,0,0,73,0,3,0,3,0,0,0,0,0,0,0,0,0,0,0,0,0,2,2,8,0,0,0,0,0,1,0,0,0,171,351,45,4,7,2,0,0,2,0,21,0,0,7,0,0,0,0,19,0,0,0,2,0,2,0,33,3968,0,0,66,38,0,0,0,9,0,7,8,0,28,0,0,46,0,0,113,0,0,0,1,33,0,0,0,0,2,1,82,0,206,0,0,191,0,13,0,22,0,16,0,13,0,7,0,0,0,0,0,0,0,2,0,3,1,3,0,0,0,3,0,0,0
H_,1379,3908,1112,27,56,1989,1323,16,1870,1,1014,0,2563,6060,0,1045,3,3,37,22,4353,15,4,111,2,1123,3,24,90,625,2574,2100,0,943,535,594,709,0,0,3,311,59,0,4,6,1095,0,306,48,2,2993,2532,894,11,60,399,5520,0,597,4655,860,101,89,2610,0,4,301,0,1966,987,1140,2,43,79,5,477,146,518,1119,0,151,0,1,0,31,2,4,0,187,358,0,2514,0,628,1,0,0,438,300,0,5,0,0,3,0,0,1,6,1,9,176,20,59,1,34,129,0,1,0,2,0,15,0,0,0,12,0,7,0,0,3,43,0,0,0,2,3,0,0,0,52,0,0,0,231,0,1,0,0,1,562,4,0,0,0,0,2,0,1,1,0,0,1,0,0,0,1,7,0,0,1,15,1,0,5,93,1,686,2,0,0,0,0,0,0,0,3,0,3,3,0,0,606,0,2528,0,115,0,0,0,0,0,8784,124,17,0,0,1270,0,11,1906,0,0,0,0,1,10,0,1,1,8,18,0,0,0,0,875,0,0,0,445,0,0,1,0,0,0,5,0,0,8,1,40,11,0,0,0,0,0,45,23,0,0,0,50,4,0,0,139,199,0,0,0,0,0,0,0,54,0,0,0,33,0,0,0,158,0,887,4,0,0,5,0,107,13,0,0,4,0,1,11,0,1,0,0,4,5,0,0,0,330,0,0,0,994,0,0,0,0,18,7,18,12,26,0,0,102,0,0,37,1,0,11,22,0,0,0,0,5,1,611,0,437,0,12,0,0,0,0,0,1,0,0,0,0,0,0,0,1,8,0,0,0,0,3,69,1,0,22,0,0,0,0,0,0,4,0,1,0,0,0,0,0,1,8,2,0,13,0,0,8,0,4,11,1,17,0,0,38,0,18,0,35,0,0,0,1,0,0,0,0,0,0,3,0,10,0,0,11,0,1777,0,1,0,0,0,0,0,0,7,0,70,0,6,7666,42,0,3859,53,1013,4,0,77,626,37,93,1606,1550,141,342,4614,35,223,832,58,0,498,1138,6,59,17,16,15,10,153803,338,7,35,3379,2253,41,39,418,0,5,821,13,8598,339,655,7,30365,2,23,1599,48,3342,0,2563,0,24637,14,3,0,122,322,494,4464,1260,0,1001,16,799,14,2001,4,115,0,6,1,29,0,0,0,0,174,550,0,0,1,0,1156,0,0,1,695,0,152,0,35,2422,0,27,278,0,0,29,695,1838,0,13,1077,1,276,6,7339,2831,738,0,0,30,7,1033,875,0,0,232,0,59,2851,0,0,9306,1,0,0,0,1004,0,770,0,246,0,684,0,3632,543,3,13,11,1,5,0,260,0,0,212,621,0,0,0,72,253,687,1420,1547,3,9336,66,5356,1,1801,564,2841,68,490,333,89,24,0,275,378,0,0,0,3,4827,0,948,0,84,0,411,32,5,0,13,166,0,3,0,0,61,19127,170,27,41036,3531,8,0,808,4,113,0,80,459,5038,355,13,0,97,5200,491,341,128,145,207,773,398,0,252,274,248,16,0,55,0,5,4187,125,6,1,257,42,392,180,1241,6,1035,5,2,0,0,42,2418,10,0,2077,57,5,14446,2,63,0,1,192,0,27,0,54,0,23,42,0,45,254,2333,0,1,37,0,6,3,0,0,689,826,38,221,112,230,808,130,3,37,0,133,0,2,0,21,1,19,4,9,274,1,4,2027,6,0,66,51,2,9,185,54,224,87,207,98,4,199,0,8,1,0,23,10,83,0,117,82,86,14,0,292,2,8,7,176,0,1347,4,1,7,2,0,0,0,14385,0,0,0,9,15,31,0,0,0,0,0,0,0,0,0,17,0,0,0,2,2,411,0,0,0,269,0,143,1,0,0,0,0,0,889,0,0,1,0,0,27,17,21,0,0,5,0,0,0,5,0,24,0,0,0,6,0,0,0,0,221,92,0,0,0,0,1,1,5,745,0,0,1,0,0,0,151,1,0,4,1,8,0,0,0,0,0,0,0,0,0,0,0,3,0,0,2,0,0,1,0,0,0,0,0,0,0,2,7,3,0,2,2,0,0,0,5,4,14,0,43,0,1311,0,0,0,12,0,0,87,0,9,0,1,0,6,0,0,0,0,0,0,0,0,0,0,0,2,1,9,0,0,0,0,0,3,0,0,0,122,200,44,0,4,0,0,0,0,0,15,1,1,5,0,0,0,0,14,0,0,0,0,0,0,0,10,3770,2,0,54,39,0,4,0,9,0,1,13,0,28,0,0,47,0,0,57,0,0,0,0,30,0,0,4,0,0,7,64,0,155,0,0,133,0,25,0,8,0,9,0,4,0,2,0,0,0,1,0,0,0,0,0,6,2,1,0,0,0,1,0,0,1
I_,2590,3073,974,18,92,2342,1322,40,1711,3,846,1,2944,5208,0,1112,2,3,62,15,4035,23,28,181,0,947,0,4,117,663,2563,1651,0,833,754,417,916,0,0,4,291,156,0,11,1,1454,7,424,61,0,2688,6071,790,20,123,404,2916,0,776,3878,1037,116,52,2015,0,8,394,0,1799,1513,3467,0,63,107,1,258,299,709,2211,0,197,0,3,3,69,7,15,3,238,355,0,2449,0,906,1,0,0,535,483,0,9,2,2,15,0,0,0,2,0,24,267,7,115,2,139,215,0,0,0,0,0,4,0,0,0,22,5,23,3,0,3,72,0,0,1,0,6,0,0,0,65,0,0,0,293,0,3,3,0,2,1352,11,0,0,0,0,1,0,0,2,0,0,4,0,0,0,4,8,0,0,0,10,0,0,37,85,0,523,0,2,0,0,0,0,0,0,0,0,1,1,0,0,670,0,1459,0,94,0,0,0,0,2,11878,95,18,0,2,1027,0,48,1652,0,0,0,0,1,21,0,4,1,2,26,0,0,0,0,386,0,0,0,168,0,0,0,0,0,3,1,0,0,21,0,82,20,0,0,0,0,2,60,71,0,0,0,15,6,0,0,58,253,0,1,0,0,0,0,0,102,2,0,0,21,0,0,0,196,0,968,0,0,0,9,0,270,9,0,0,0,0,1,5,0,0,0,0,5,7,0,0,0,582,0,0,0,760,0,0,0,0,15,3,36,13,185,0,0,122,0,3,37,2,0,4,7,0,0,0,0,2,0,557,0,356,0,10,0,1,0,0,0,0,1,0,0,1,0,0,5,0,5,0,0,0,0,5,102,3,0,44,0,0,0,0,0,0,14,0,1,0,0,0,0,0,0,6,6,0,7,0,0,1,0,23,26,0,128,0,0,108,0,33,0,79,0,0,1,0,0,0,0,0,0,0,2,2,8,1,0,15,0,1559,0,1,0,2,0,0,0,0,2,0,242,0,3,7633,68,2,3135,93,1503,12,0,96,674,50,92,1673,1810,262,506,3251,35,293,727,71,0,569,1559,2,95,51,15,12,41,206781,728,95,35,4163,1037,111,51,518,0,16,767,41,8703,128,814,24,1998,11,8,1695,39,4008,0,2953,5,22446,17,5,0,75,315,579,2714,1564,0,1042,2,795,24,2041,24,129,0,15,1,40,0,0,0,4,289,699,0,0,0,0,875,0,0,1,1389,0,144,0,109,2263,0,79,440,3,0,66,617,2233,0,13,950,8,308,0,5637,2402,621,0,1,31,3,931,772,0,0,320,0,58,3236,0,0,9922,4,0,0,0,2259,0,825,0,655,1,1585,0,4453,725,6,50,7,0,2,1,366,0,2,173,800,3,0,0,129,271,1042,1395,1427,2,6194,97,3087,0,1342,753,2634,70,1050,488,106,24,0,305,398,0,1,1,5,4135,0,1118,0,124,0,594,9,9,0,10,266,0,3,0,0,35,16341,358,39,57284,2833,11,6,840,1,60,0,119,506,5554,400,19,0,170,6466,400,499,69,305,299,844,482,0,389,464,243,23,4,83,0,9,4592,284,74,0,546,20,525,253,436,1,1023,6,0,0,1,74,2491,15,0,2029,104,0,8742,0,57,0,0,212,0,21,0,93,2,27,63,0,14,373,1876,0,10,34,0,5,16,0,1,829,927,22,184,146,276,982,93,12,28,0,204,0,4,0,81,0,17,3,9,415,10,3,2171,11,0,13,91,0,21,312,52,251,138,154,86,11,89,0,8,2,0,37,10,112,2,155,112,114,27,0,433,2,6,22,262,0,2446,6,0,15,0,0,0,0,13069,0,0,0,9,16,88,0,0,0,0,0,0,0,2,0,9,0,0,4,0,0,539,0,0,0,188,0,116,0,0,0,0,0,0,1501,0,0,5,0,0,13,37,9,0,0,1,0,0,0,3,0,75,0,0,0,22,0,0,0,0,142,49,0,0,0,0,16,0,1,305,0,0,3,0,0,0,178,0,6,0,0,8,0,0,0,2,0,0,0,0,0,0,0,12,0,0,3,0,0,0,0,0,0,0,0,0,0,0,5,4,0,1,1,0,0,0,23,3,24,0,43,0,1602,0,0,0,16,0,0,112,1,0,0,3,0,0,0,0,0,0,0,0,0,0,0,0,0,0,3,17,0,0,0,0,0,1,0,0,0,227,493,39,6,7,7,0,0,0,0,11,2,1,5,0,0,0,0,24,0,1,0,0,0,3,0,50,3382,1,0,78,23,0,5,0,1,0,6,36,0,32,0,0,56,0,0,128,0,0,0,0,38,0,0,1,0,0,9,172,0,261,0,0,262,0,19,0,19,0,15,0,3,0,9,0,0,2,0,0,0,0,0,0,1,2,2,0,0,0,1,0,0,0
J_,1430,2245,861,11,68,1480,694,23,1932,0,765,0,1797,4835,0,722,0,0,80,14,2885,12,14,137,3,766,0,2,72,517,1854,1135,0,579,560,422,749,0,0,6,210,97,0,8,0,1128,7,267,60,0,1838,3720,584,14,83,333,2191,0,565,2902,651,93,37,1481,0,2,236,0,1035,903,1958,1,33,85,0,230,239,611,1695,0,192,0,1,9,61,7,7,4,189,284,0,1618,0,610,1,0,0,467,471,0,7,1,0,6,0,0,0,5,0,6,138,9,90,2,57,124,0,4,0,0,0,9,0,0,2,14,0,3,0,1,2,73,0,0,0,0,5,0,0,0,39,0,0,0,180,0,1,0,0,0,654,7,0,0,0,0,1,0,1,3,0,0,0,1,0,0,0,7,0,0,1,10,0,0,24,81,1,388,0,0,0,0,0,0,0,0,0,0,0,0,3,0,461,0,548,0,58,0,0,0,0,1,6817,135,6,0,0,734,0,24,1176,0,0,0,0,4,11,0,0,2,2,61,0,0,0,0,325,0,0,0,130,1,0,0,0,0,0,4,0,0,3,0,56,21,0,0,0,0,0,44,29,0,0,0,27,1,0,0,37,232,0,0,0,0,0,0,0,39,0,0,0,10,0,0,0,140,0,889,0,0,0,5,0,115,6,0,0,0,1,0,1,0,0,0,0,6,10,0,0,0,452,0,0,0,528,0,0,0,0,20,8,10,19,173,0,0,91,0,0,13,0,0,2,5,0,0,0,0,1,0,384,0,208,0,10,0,0,1,0,0,0,1,0,0,5,0,0,3,0,5,0,0,0,0,4,59,0,0,34,0,0,0,0,0,0,10,3,1,0,0,0,0,0,0,6,4,0,10,0,0,3,0,6,3,0,57,0,0,76,0,20,0,50,0,0,0,0,0,0,0,0,0,0,1,0,5,0,0,11,0,1318,0,0,0,0,0,0,0,0,6,0,134,0,9,5979,27,0,2405,56,745,13,0,96,533,40,112,1320,1118,158,235,2806,37,223,617,61,0,537,1342,1,62,21,26,10,24,220304,469,49,12,4055,408,48,32,320,0,12,370,22,7158,94,546,8,899,0,4,1168,11,2228,0,2169,4,21170,12,7,0,76,250,407,2364,1295,0,605,5,523,8,2563,17,77,0,16,3,20,0,0,0,0,191,399,0,0,2,0,724,0,0,0,588,6,193,0,69,1668,1,24,304,2,0,32,442,1612,0,22,793,3,262,1,3624,2131,591,0,0,33,0,724,555,0,0,155,0,36,2490,0,0,8257,0,0,0,0,1151,0,547,0,492,5,1208,0,3622,660,4,18,4,0,1,2,230,0,2,130,459,0,0,0,53,189,808,1114,1073,6,4327,83,2172,1,1061,561,1509,73,662,410,58,14,0,202,265,0,0,0,1,2765,0,1113,0,55,0,425,8,4,0,6,179,0,0,0,0,27,10071,190,23,59012,2066,8,8,596,1,54,0,87,277,4452,251,7,0,101,4236,279,426,60,146,217,652,303,0,297,240,188,14,0,47,0,2,2744,147,30,0,359,8,348,154,343,0,874,2,2,1,2,26,1738,13,0,1360,62,1,6691,0,89,0,1,179,0,16,0,59,0,18,38,0,5,302,1421,0,0,41,0,6,1,0,0,632,636,20,174,87,179,735,91,5,23,0,106,0,2,0,47,0,8,2,10,211,7,1,1204,10,0,1,70,5,14,232,50,122,66,172,49,13,55,0,6,0,3,23,3,66,1,109,75,121,17,0,404,0,1,16,132,0,1563,3,0,13,5,0,0,0,9178,0,0,0,13,2,44,0,0,0,0,0,0,0,1,0,9,0,0,0,0,0,466,0,0,0,144,0,131,1,0,0,0,0,0,1018,0,0,0,0,0,18,16,5,0,0,5,0,0,1,1,0,50,0,0,0,26,0,1,0,0,82,35,0,0,0,0,7,2,2,234,0,0,3,0,0,0,151,0,2,0,0,7,0,0,0,0,0,0,0,0,0,0,0,4,0,0,3,0,0,0,0,0,0,0,0,0,0,0,8,0,0,1,0,0,0,0,9,2,31,0,22,0,1024,0,0,0,8,0,0,76,0,0,0,0,0,0,0,0,0,0,0,0,0,1,0,0,0,0,2,6,0,0,0,0,0,5,0,0,0,132,302,53,11,5,4,1,0,2,0,10,0,0,2,0,0,0,0,18,0,0,0,0,0,3,0,20,2490,0,0,47,25,1,0,0,6,0,1,1,0,12,0,0,25,0,0,110,0,0,0,0,24,0,0,1,0,0,3,83,0,197,0,0,138,0,9,0,11,0,10,0,5,0,2,0,0,0,3,0,0,0,0,0,6,1,0,0,0,3,0,2,0,0
K_,1568,2271,671,26,45,1642,757,28,2048,2,532,0,1978,4350,5,909,0,0,44,10,3486,8,12,140,4,612,1,2,76,563,1754,955,0,661,580,317,667,0,3,5,221,40,0,6,1,1092,5,244,26,0,2306,2043,513,9,144,225,2162,0,659,2663,602,70,71,1254,0,4,179,0,1276,899,1999,2,16,52,0,211,161,484,1035,0,102,1,7,2,51,9,6,5,159,269,0,1895,0,443,0,0,1,245,303,0,8,0,0,5,0,0,1,7,0,13,179,14,74,0,85,173,0,0,0,2,0,23,0,0,2,33,0,13,2,0,0,66,0,0,0,0,9,0,0,0,29,0,0,0,175,0,3,0,0,0,610,5,1,0,0,0,4,0,0,1,0,0,0,4,0,0,1,6,0,0,2,12,3,3,19,92,0,557,0,0,0,0,0,2,0,0,0,0,0,0,0,0,532,0,670,0,68,0,0,0,0,2,6437,62,7,0,0,805,0,10,1638,0,0,0,0,0,17,0,2,1,0,23,0,0,0,0,475,0,0,0,286,0,0,2,0,0,0,1,0,0,10,0,68,12,0,0,0,0,0,40,45,0,0,0,5,2,2,0,79,139,0,0,0,0,0,0,0,56,0,0,0,14,0,0,0,104,0,908,1,0,0,2,0,176,4,0,0,4,0,1,2,0,0,0,0,6,2,0,0,0,388,0,0,0,647,0,0,0,0,15,6,6,7,111,0,0,47,0,0,17,2,0,4,11,1,0,0,0,1,1,691,0,329,0,4,0,0,0,0,0,0,1,0,0,0,0,0,2,3,6,0,1,0,0,10,56,2,0,23,0,0,0,0,0,0,5,0,0,0,0,0,0,0,0,23,3,0,20,1,0,3,0,4,9,0,93,0,1,73,0,29,0,45,0,0,1,0,0,0,0,0,0,0,2,0,8,0,0,13,0,1385,0,1,0,0,0,0,0,0,8,0,59,0,4,4828,29,2,2288,55,492,7,0,53,506,42,42,1460,1166,149,199,2828,88,210,399,79,0,1224,1031,1,102,45,11,3,15,138756,360,69,15,1952,575,64,52,321,0,13,251,6,6140,145,458,13,5160,0,4,1269,30,2828,2,1931,3,13477,13,5,0,85,249,343,2726,1313,0,988,15,404,12,7863,36,102,0,5,3,23,0,0,0,0,144,433,1,0,1,0,990,0,0,1,596,4,107,0,54,1518,0,44,188,3,0,26,484,1538,0,10,770,2,274,0,3940,1634,475,0,0,20,4,744,540,0,0,186,0,39,2008,0,0,9423,4,0,0,0,1163,0,629,0,195,7,759,0,3112,602,9,16,7,1,0,0,278,0,0,123,634,0,1,0,64,141,681,1229,1432,3,4786,75,1646,2,1046,542,2036,63,505,281,128,16,0,156,344,0,0,1,1,2832,0,819,0,51,0,290,34,8,0,3,261,0,9,0,0,41,13598,207,37,31607,1936,11,6,589,5,51,1,80,393,3863,242,5,0,144,4730,364,370,55,180,201,566,292,0,176,328,197,15,5,60,0,9,3213,119,21,0,237,14,410,137,753,0,563,12,0,0,5,47,1621,11,0,1811,45,5,8088,2,48,0,0,160,0,10,0,41,0,26,19,0,53,222,1604,0,8,41,0,3,3,1,0,688,731,38,214,85,214,510,49,2,26,0,190,0,4,2,41,1,21,2,8,363,0,7,1157,2,0,31,42,2,16,207,51,151,92,93,115,9,91,0,8,6,1,28,3,37,0,114,93,80,16,0,286,10,2,12,122,0,1389,11,1,10,8,2,0,0,11174,0,0,0,8,7,52,0,0,0,0,0,0,0,0,0,16,0,0,0,0,0,474,0,0,0,142,0,165,6,1,1,0,0,0,982,0,0,0,0,0,24,26,6,0,0,0,0,0,0,0,0,53,0,0,0,18,0,0,0,0,98,30,0,0,0,0,15,0,0,436,0,0,15,0,0,0,150,0,1,2,0,0,0,0,0,1,0,0,0,0,3,0,0,9,0,0,2,0,0,0,0,0,0,0,0,0,0,1,7,0,0,0,0,0,0,0,13,4,13,0,41,0,1179,0,0,0,14,0,1,92,0,2,0,3,0,0,0,0,0,0,0,0,0,1,0,0,0,0,3,9,0,0,0,0,0,3,0,0,0,145,264,49,3,3,5,0,0,5,0,12,3,0,2,0,0,0,0,17,0,1,0,0,0,0,0,8,2389,1,0,58,22,0,0,0,16,0,9,7,0,20,0,0,36,0,0,68,0,0,0,0,24,0,0,0,0,0,2,57,0,126,0,0,207,0,14,0,12,0,16,0,10,0,6,0,0,0,0,1,0,0,0,0,13,0,1,0,0,0,0,0,0,0
L_,1080,1521,439,9,92,1281,855,23,1421,1,389,1,1551,3298,1,1081,2,2,47,11,1448,14,20,77,166,430,30,3,59,351,1513,740,0,411,352,277,406,0,4,58,130,52,0,6,1,818,6,233,43,1,1698,1440,484,24,248,198,1438,0,483,1726,457,72,41,1442,0,7,152,0,792,704,1213,3,37,87,3,121,104,602,670,0,141,2,18,12,24,3,7,4,145,232,1,1253,0,943,0,0,2,305,329,0,7,5,2,10,0,0,4,7,0,8,126,12,41,1,65,65,0,1,0,0,0,22,3,0,1,14,0,12,5,0,4,34,0,0,0,0,4,0,3,0,29,0,0,0,100,0,3,0,1,0,199,4,1,0,0,0,2,0,0,2,0,0,5,1,0,0,0,9,0,0,1,14,0,0,17,59,3,538,0,0,0,0,0,14,1,0,1,0,1,0,0,0,313,0,531,0,98,0,0,0,0,13,6068,38,2,0,0,707,0,24,959,0,1,1,0,0,8,0,0,7,8,51,0,0,0,0,333,0,0,0,319,1,0,2,0,1,0,3,0,0,2,0,36,17,0,2,0,0,1,61,74,0,0,0,40,4,0,0,24,219,0,0,0,0,0,0,0,53,0,0,0,9,0,0,0,104,0,1067,0,0,0,4,0,76,3,0,0,2,0,1,3,0,0,0,0,8,33,0,0,0,342,0,0,0,443,0,0,0,0,30,12,14,16,210,0,0,100,0,0,23,2,0,40,23,1,0,0,0,1,1,324,0,204,2,6,0,1,0,0,0,1,0,0,0,1,0,1,3,2,5,0,0,0,0,6,43,6,0,33,0,0,0,0,0,2,3,0,1,0,0,0,0,0,0,9,4,0,11,0,0,3,0,14,18,0,39,0,0,81,1,16,0,18,2,0,0,0,0,0,0,0,0,0,6,0,17,0,0,20,0,730,0,1,1,0,0,0,0,0,16,0,66,7,14,3383,28,3,2094,42,579,5,1,51,417,48,122,952,906,155,159,1960,2134,372,306,31,0,467,1043,0,43,39,12,4,11,86523,240,68,20,2322,959,48,60,429,0,11,437,23,4889,97,297,9,2324,4,7,1220,45,1321,0,1303,5,12458,3,6,0,53,320,369,1760,880,0,498,8,307,15,4354,89,98,0,2,0,4,0,0,0,0,150,444,2,0,0,0,806,0,0,1,323,2,65,0,49,1154,1,56,624,5,0,37,291,1116,0,13,297,8,197,0,2844,1179,236,5,0,40,3,565,378,0,0,147,0,36,1463,0,0,7562,5,0,2,0,1078,0,380,1,121,25,465,0,2055,263,13,17,2,0,3,1,460,0,0,85,411,1,0,0,70,126,436,1086,1181,1,3241,57,954,28,1017,461,1139,46,723,290,159,22,0,174,252,0,5,1,2,1355,0,797,0,95,0,371,601,17,0,7,262,0,37,18,2,24,8462,174,42,17833,1056,15,3,609,12,52,0,76,263,2595,243,14,17,555,3542,261,426,51,146,170,481,253,0,220,239,164,37,32,75,0,61,2540,57,11,1,164,11,251,153,406,2,538,7,9,20,2,47,895,33,0,1146,75,62,7069,36,104,0,1,195,0,28,0,65,3,7,28,0,208,108,1142,0,19,28,0,1,7,4,0,421,801,33,129,70,189,407,70,8,25,0,137,0,4,4,59,5,16,1,6,269,3,210,925,7,0,30,65,23,18,210,30,111,148,149,508,2,53,0,11,0,4,18,8,87,6,122,87,64,23,29,399,89,3,13,156,1,1207,23,1,12,167,19,0,0,6170,0,8,0,3,7,50,0,0,0,0,0,0,0,2,0,20,0,0,0,2,0,290,0,0,0,141,0,118,0,0,1,0,0,0,2174,0,0,2,0,0,38,40,7,0,0,0,0,0,0,1,0,65,0,0,0,7,0,0,0,0,65,22,0,0,0,0,3,3,7,276,0,0,110,0,0,2,147,0,4,3,1,8,2,0,0,2,0,0,0,0,0,0,0,2,0,0,1,0,1,0,0,0,0,1,0,11,0,0,12,1,1,2,2,0,1,0,16,7,15,0,12,0,853,0,0,0,11,0,0,85,1,1,0,2,1,1,0,0,0,0,0,0,2,1,0,0,0,0,0,11,0,0,0,0,1,2,0,4,0,88,237,29,2,7,18,1,0,16,1,18,2,0,2,0,0,0,0,100,0,1,0,0,0,2,0,31,1396,7,0,25,16,0,1,0,144,0,18,15,0,15,0,0,25,0,0,90,0,0,1,0,41,0,0,1,0,2,7,67,0,113,0,0,285,0,6,0,6,0,17,0,5,0,6,0,0,0,1,1,0,0,0,0,3,3,1,0,1,0,0,2,0,1
M_,1628,3210,858,18,57,2031,858,50,2498,3,763,0,2528,5145,1,1102,1,5,34,28,3859,12,4,184,0,849,0,4,129,587,1906,1681,0,768,596,431,639,0,2,5,263,72,0,5,2,1096,8,322,40,1,2690,2579,671,10,130,261,2525,0,703,2702,673,110,77,2184,0,4,278,0,1583,1018,2335,0,21,56,1,240,163,617,1198,0,137,0,2,1,38,7,10,9,175,335,0,2430,0,579,0,0,0,394,389,0,11,0,1,9,0,0,1,5,0,2,176,21,96,1,74,141,0,0,0,0,0,31,0,0,1,60,0,15,2,0,1,87,0,0,0,0,9,0,0,0,36,0,0,0,196,0,0,2,0,0,490,9,1,0,0,0,4,0,0,3,0,0,1,8,0,0,0,7,0,0,0,7,0,1,28,70,0,482,0,2,0,0,0,0,0,0,1,0,1,2,0,0,682,0,1450,0,132,0,0,0,0,1,7650,78,6,0,0,956,0,15,1728,0,0,2,0,1,10,0,1,6,2,27,0,0,0,0,532,0,0,0,437,0,0,0,0,0,0,1,1,0,12,0,65,10,0,0,0,0,0,71,34,0,0,0,38,2,0,0,75,197,0,1,0,0,0,0,0,79,3,0,0,21,0,0,0,129,0,903,0,0,0,6,0,246,2,0,0,2,1,3,9,0,0,0,0,1,4,0,0,0,317,0,0,0,819,0,0,0,0,13,9,8,19,138,0,0,99,0,0,29,3,0,4,9,0,0,0,0,2,0,639,0,349,0,8,1,0,0,0,0,4,0,1,0,0,0,0,5,0,5,0,0,0,0,10,92,2,0,25,0,0,0,0,0,0,10,0,0,0,0,0,1,0,0,22,0,0,37,0,0,6,0,10,7,0,88,0,0,63,0,22,0,39,0,0,0,0,0,0,0,0,0,0,3,2,13,0,0,10,0,1548,0,1,0,0,0,0,0,0,4,0,93,0,14,5424,45,3,3670,65,930,10,0,74,517,36,82,1693,1415,194,304,3847,13,297,642,100,0,1262,1177,0,98,47,15,22,22,109832,419,46,32,2180,1742,68,58,427,0,10,329,42,7823,188,645,16,25949,1,20,1428,37,3322,0,2058,3,17761,22,3,0,120,298,455,3100,1331,0,1026,22,486,16,8178,17,116,0,4,2,18,0,0,0,0,225,536,3,2,0,0,1235,0,0,0,579,4,153,0,62,1995,4,81,336,3,0,41,624,1527,0,18,821,7,295,2,4951,2269,691,0,0,46,5,810,722,0,0,303,0,67,2521,0,0,9841,12,0,7,0,1312,0,788,1,260,3,851,0,3654,593,9,12,6,1,1,0,293,1,0,173,743,0,1,0,70,207,799,1416,1659,0,6524,79,2121,0,1340,546,2149,97,484,289,161,35,0,242,370,0,0,1,2,2930,0,875,0,98,0,391,2,10,2,14,183,0,4,0,0,56,15670,245,34,29481,2296,14,7,669,1,87,0,67,412,4322,275,17,0,127,5344,444,367,95,193,248,743,350,0,297,347,244,14,1,53,0,7,4510,131,25,0,284,14,504,205,910,0,872,15,0,2,3,72,1829,6,0,2036,63,2,10974,2,87,0,3,243,0,21,0,55,0,31,33,0,77,281,1965,0,8,31,0,6,5,0,0,757,797,47,252,82,317,570,90,7,18,2,226,0,2,0,41,1,30,1,10,450,2,3,1507,2,0,37,63,0,10,218,47,182,83,166,64,4,127,0,10,3,2,29,3,52,0,137,122,75,24,0,462,2,3,15,183,0,1537,7,0,7,0,1,0,0,11871,0,0,0,3,8,51,0,0,0,0,0,0,0,3,0,18,0,1,0,1,1,496,0,0,0,202,0,165,2,0,1,0,0,0,949,0,0,4,0,0,12,63,5,0,0,1,0,0,0,3,0,35,0,0,0,14,0,0,0,0,151,43,0,0,0,0,5,0,1,554,0,0,6,0,0,3,129,0,7,1,1,7,0,0,0,0,0,0,0,0,0,0,0,8,0,0,1,0,0,0,0,0,0,0,0,0,0,0,6,0,0,3,4,0,0,0,11,8,16,0,72,0,1229,0,0,0,9,0,1,95,0,5,0,0,0,1,0,0,0,0,0,0,0,0,0,0,0,0,1,4,0,0,0,0,0,2,0,0,0,126,231,48,5,1,2,0,0,0,0,14,3,0,10,0,2,0,0,14,0,1,0,0,0,2,0,32,2629,0,0,64,32,0,1,0,4,0,5,5,0,31,0,0,39,0,0,84,0,0,0,0,33,0,0,3,0,0,1,87,0,133,0,0,178,0,9,0,9,0,14,0,7,0,12,0,0,0,0,0,0,0,0,0,6,1,4,0,0,0,0,0,0,0
N_,1354,1680,506,10,27,1038,573,16,1518,0,411,0,1541,3441,5,582,0,2,29,4,2257,3,10,66,3,392,0,8,58,276,1214,974,0,372,298,227,368,0,0,2,130,31,0,1,2,751,2,166,34,0,1666,1661,352,12,67,161,1577,0,378,2001,416,39,38,1167,0,2,128,1,851,714,820,2,16,40,1,177,113,302,546,0,85,1,1,3,27,8,1,1,88,150,0,1289,0,299,2,0,0,268,197,0,0,0,0,8,0,0,0,2,0,4,80,19,66,1,40,69,0,0,0,0,0,11,1,0,0,12,0,4,0,0,2,37,0,0,0,0,1,0,0,0,17,0,0,0,145,0,0,0,0,0,168,4,0,0,0,0,0,0,0,1,0,0,0,2,0,0,0,6,0,0,0,8,0,0,18,67,0,339,1,1,0,0,0,0,0,0,0,0,1,0,0,0,336,0,797,0,80,0,0,0,0,3,4743,32,0,0,0,517,0,10,911,0,1,0,0,0,7,0,0,4,2,30,0,0,0,0,482,0,0,0,190,0,0,0,0,0,0,0,1,0,11,0,42,3,0,0,0,0,0,49,28,2,0,0,28,0,0,0,57,85,0,0,0,0,0,0,0,31,0,0,0,13,0,0,0,107,0,421,0,0,0,1,0,77,5,0,0,1,0,0,2,0,0,0,0,4,2,0,0,0,248,0,0,0,444,0,0,0,0,15,6,4,16,110,0,0,62,0,1,24,1,0,3,10,0,0,0,0,2,1,240,0,192,0,5,0,0,0,0,0,1,1,0,0,0,0,0,4,1,2,0,0,0,0,10,36,1,0,14,0,0,0,0,0,0,2,0,0,0,0,0,0,0,0,6,1,0,7,1,0,4,0,4,10,0,32,0,0,33,0,13,0,21,0,0,0,0,0,0,0,0,1,0,3,0,7,0,0,11,0,777,0,0,0,0,0,0,0,0,9,0,53,0,1,4411,13,3,2509,31,466,5,0,50,263,24,69,961,820,77,164,2252,71,119,310,39,0,413,695,1,42,16,7,13,19,122882,272,56,24,2923,914,33,17,273,0,1,172,10,4668,90,373,5,9719,2,7,826,15,1868,0,1449,1,13710,8,7,0,70,142,235,2130,808,0,611,11,362,9,4881,15,71,0,10,2,20,0,0,0,0,104,312,2,0,1,0,673,0,0,0,440,0,95,0,31,1188,0,56,183,0,0,19,282,955,0,11,447,5,163,0,3490,1192,315,0,0,8,1,485,439,0,0,112,0,24,1573,0,0,7058,3,0,2,0,604,1,406,0,116,3,417,0,1980,279,14,6,3,0,2,1,208,0,0,77,376,0,0,0,45,112,401,715,805,0,3732,44,1532,1,747,324,1413,41,367,170,62,14,1,104,177,0,0,0,0,1845,0,784,0,50,0,286,32,0,0,3,126,0,1,0,1,32,8560,132,12,20708,1495,4,1,473,4,31,0,54,210,2561,171,6,1,82,2752,169,290,39,107,116,289,168,0,132,181,94,8,2,43,0,4,2091,76,5,3,152,8,224,122,381,1,400,5,0,4,2,53,1123,8,0,1087,19,15,7931,3,38,0,0,99,0,10,0,26,0,18,21,0,66,228,1132,0,0,15,0,0,0,1,0,366,559,8,146,64,132,450,39,0,27,0,78,0,4,0,41,5,12,0,4,194,0,11,894,2,0,6,46,6,6,131,33,121,50,74,51,5,54,0,6,0,0,9,1,42,0,82,77,64,5,0,366,2,7,5,86,0,1263,7,1,8,15,0,0,0,8370,0,0,0,2,2,27,0,0,0,0,0,0,0,1,0,9,0,1,0,1,0,313,0,0,0,124,0,78,3,0,1,0,0,0,646,0,0,2,2,0,19,13,2,0,0,2,0,0,0,0,0,39,0,0,0,13,0,0,0,0,70,17,0,0,0,0,7,0,1,246,0,0,7,0,0,1,74,0,4,0,0,0,0,0,0,0,0,0,0,0,3,0,0,1,0,0,0,0,0,0,0,0,0,0,0,0,0,0,5,0,0,1,2,0,0,0,7,4,7,0,21,0,733,0,0,0,10,0,3,42,0,2,0,1,0,0,0,0,0,0,0,0,0,0,0,0,0,0,0,1,0,0,0,0,1,1,0,0,0,69,152,35,3,7,5,0,0,2,0,12,0,0,4,0,0,0,0,23,0,0,0,1,0,3,0,22,1833,0,0,38,18,0,2,0,6,0,9,9,0,12,0,0,14,0,0,60,0,0,0,0,19,0,0,1,0,0,2,37,0,109,0,0,114,0,8,0,1,0,2,1,2,0,3,0,0,0,1,0,0,0,0,0,1,0,1,0,0,0,0,0,0,0
O_,1054,1362,378,7,32,1015,470,21,1413,0,373,0,1321,2751,0,521,0,4,35,12,1831,5,11,89,0,414,0,4,51,270,1098,746,0,338,330,227,345,0,4,0,112,31,0,3,1,656,5,178,34,0,1250,1523,267,11,50,179,1355,0,312,1604,414,43,24,991,0,0,136,0,702,562,1282,0,23,31,0,117,88,344,599,0,90,2,0,3,27,7,3,10,85,163,0,1277,0,288,1,0,0,257,258,0,3,1,0,2,0,0,1,3,0,2,99,6,62,0,70,54,0,0,0,0,0,16,0,0,0,14,0,13,2,0,2,40,0,0,0,0,0,0,0,0,17,0,0,0,92,0,0,0,1,0,359,5,0,0,0,0,1,0,0,1,0,0,0,2,0,0,0,1,0,0,1,5,0,0,16,54,0,329,1,1,0,0,0,1,0,0,1,0,1,1,1,0,367,0,436,0,56,0,0,0,0,0,4102,61,1,0,0,548,0,20,668,0,0,0,0,0,7,0,0,3,3,18,0,0,0,0,295,0,0,0,107,0,0,0,0,0,0,0,0,0,4,2,37,4,0,1,0,0,1,33,26,0,0,0,4,5,0,0,18,108,0,1,0,0,0,0,0,30,0,0,0,10,0,0,0,87,0,462,0,0,0,5,0,117,3,0,0,0,0,1,1,0,0,0,0,0,0,0,0,0,212,0,0,0,346,0,0,0,0,8,4,4,5,116,0,0,71,0,0,11,3,0,1,5,0,0,0,0,0,1,343,0,174,0,0,0,0,0,0,0,0,0,0,0,1,0,0,3,2,0,0,0,0,0,0,41,1,0,16,0,0,0,0,0,0,2,2,2,0,0,0,0,0,0,10,0,0,9,1,0,0,0,8,5,0,50,0,0,47,0,20,0,21,0,0,0,0,0,0,0,0,0,0,1,0,7,0,0,7,0,719,0,2,0,0,0,0,0,0,11,0,80,0,4,2963,12,0,1916,27,655,5,0,27,293,28,62,829,764,92,169,1499,7,97,324,42,0,493,644,2,39,17,16,8,13,91797,197,44,19,1845,560,53,34,232,1,11,200,6,3959,88,342,8,2199,3,2,785,18,1255,0,1095,2,11642,2,4,0,64,154,254,1483,612,0,378,6,252,9,3805,35,70,0,3,0,11,0,0,0,1,108,362,2,0,1,0,619,0,0,0,389,2,88,0,39,999,0,23,181,1,0,41,269,843,0,12,366,0,140,0,2232,971,337,0,0,12,2,403,361,0,0,126,0,34,1282,0,0,5344,3,0,0,0,816,0,314,0,153,1,478,0,1727,304,5,10,4,0,1,0,110,1,0,77,362,0,0,0,56,95,400,689,706,1,2993,55,1003,2,612,356,1050,27,351,168,52,13,0,91,185,0,1,0,0,1510,0,710,0,45,0,240,4,2,0,6,102,0,1,0,0,25,6354,103,16,22849,1116,5,2,444,1,42,1,63,164,2443,169,11,2,53,3001,194,248,28,101,135,370,174,0,185,167,109,12,0,33,0,6,2093,68,11,0,179,10,268,87,299,1,429,2,0,0,3,36,1066,9,0,994,45,0,4627,0,49,0,0,117,0,14,0,40,0,12,19,0,104,195,988,0,1,15,0,6,3,0,0,355,417,24,110,53,148,342,49,6,14,0,104,0,0,0,23,3,9,1,2,157,5,18,855,2,0,25,22,1,16,120,16,76,54,101,49,5,41,0,4,1,0,8,6,37,0,59,68,39,14,0,377,1,1,23,121,0,1112,3,0,13,1,0,0,0,5919,0,0,0,2,1,29,0,0,0,0,0,0,0,0,0,8,0,0,0,0,1,297,0,0,0,85,0,79,3,0,0,0,0,0,662,0,0,3,0,0,16,22,3,0,0,1,0,0,0,0,0,20,0,0,0,8,0,0,0,0,67,18,0,0,0,0,5,0,1,209,0,0,1,0,0,0,85,0,1,2,0,2,0,0,0,0,2,0,0,0,0,0,0,2,0,0,0,1,0,1,0,0,0,0,0,1,0,0,4,0,0,0,1,0,0,0,3,1,11,0,10,0,668,0,0,0,10,0,3,37,0,1,0,0,0,0,0,0,0,0,0,0,0,0,0,0,0,1,0,8,0,0,0,0,0,0,0,0,0,81,204,28,3,4,2,0,0,2,0,8,0,0,1,0,0,0,0,7,0,0,0,0,0,3,0,13,1531,2,0,29,7,0,0,0,2,0,4,5,0,11,0,0,27,0,0,70,0,0,0,0,16,0,0,4,0,0,3,56,0,95,0,0,88,0,8,0,6,0,6,0,0,0,7,0,0,0,0,0,0,0,0,0,2,0,3,0,0,0,0,0,0,0
P_,853,2026,554,11,46,852,557,25,1247,1,390,0,1776,3974,2,591,0,2,28,18,2468,2,7,89,1,445,0,9,52,283,1204,1295,0,437,296,235,415,0,1,2,132,39,0,8,11,764,1,151,47,0,1618,1748,326,22,48,218,2161,0,334,2453,393,38,31,1438,0,2,118,0,935,669,870,1,22,27,2,320,117,279,768,0,137,0,0,0,22,1,3,0,93,152,0,1525,0,257,4,0,0,328,228,0,2,0,0,4,0,0,0,3,0,5,63,17,82,0,34,78,0,0,0,0,0,7,0,0,0,8,0,15,0,0,0,24,1,0,0,0,1,0,0,0,26,0,0,0,150,0,1,0,0,0,222,3,0,0,0,0,0,0,0,2,0,0,2,0,0,0,0,12,0,1,1,15,0,3,23,69,0,557,0,0,0,0,0,1,0,0,1,0,0,0,1,0,405,0,1635,0,156,0,0,0,0,1,4936,38,13,0,0,546,0,18,1071,0,0,0,0,0,5,0,0,0,2,34,0,0,0,0,732,0,0,0,367,0,0,1,0,0,0,2,0,0,2,0,24,3,0,0,0,0,0,59,19,0,0,0,83,2,0,0,41,69,0,0,0,0,0,0,0,44,1,1,0,19,0,0,0,55,0,424,0,0,0,2,0,86,6,0,0,8,3,0,5,0,2,0,0,5,0,0,0,0,239,0,0,0,523,0,0,0,0,8,7,15,15,41,0,0,112,0,0,29,2,0,7,16,0,0,0,0,2,0,239,0,189,0,7,0,0,0,0,0,1,1,0,0,1,0,0,1,0,7,0,0,0,0,2,44,3,0,24,0,0,0,0,0,0,1,1,0,0,0,1,0,0,1,9,1,0,16,0,0,2,0,9,9,0,30,0,1,28,0,7,0,17,0,0,0,1,0,0,0,0,0,0,1,0,10,0,0,9,0,946,0,0,0,0,0,0,0,0,9,0,40,0,2,7442,22,0,2615,30,799,4,0,36,375,20,91,824,803,101,177,3695,9,161,372,51,0,474,748,0,38,17,6,3,12,110410,358,10,19,1938,2023,46,30,265,0,9,322,1,5628,118,368,4,47175,4,2,880,11,1986,0,1217,0,14484,4,1,0,100,167,218,2328,825,0,511,17,378,8,3436,7,52,0,5,0,18,0,0,0,0,142,310,1,0,2,0,661,0,0,0,335,6,49,0,47,1548,2,51,223,0,0,19,340,1121,0,15,619,4,184,0,4353,1543,356,0,0,38,8,657,567,0,0,128,0,44,1526,0,0,6114,3,0,1,0,697,0,507,0,185,1,499,0,2239,307,4,7,2,0,0,0,148,0,0,78,382,0,0,0,49,140,410,782,788,1,5000,46,2093,0,783,353,1375,37,289,140,79,14,0,128,159,1,1,1,0,1757,0,652,0,95,0,236,5,4,0,8,150,0,4,0,1,31,10703,106,13,27302,1877,4,2,377,7,36,0,52,211,2850,155,11,0,66,3047,202,250,23,123,129,330,108,0,166,161,106,6,0,39,0,2,2878,55,7,0,167,18,305,194,257,0,430,0,0,0,1,43,955,13,0,1456,39,0,8824,0,50,0,0,139,0,5,0,44,1,15,19,0,40,199,1557,0,3,30,0,3,12,0,0,347,605,19,161,68,209,449,72,4,18,0,81,0,2,0,9,3,11,0,5,126,9,8,1085,0,0,29,39,1,7,120,42,100,53,79,57,6,50,0,5,0,1,20,2,36,0,70,86,69,21,5,480,0,1,13,133,0,1225,3,0,29,0,0,0,0,9352,0,0,0,8,10,19,0,0,0,0,0,0,0,2,1,10,0,0,2,0,1,284,0,0,0,197,0,88,6,0,0,0,0,0,485,0,0,2,0,0,17,15,4,0,0,7,0,0,0,7,0,12,0,0,0,15,0,0,0,0,104,33,0,0,0,0,2,1,0,269,0,0,0,0,0,0,86,0,1,0,1,3,0,0,0,3,0,0,1,0,0,0,0,4,0,0,0,0,0,1,0,0,0,0,0,0,0,0,12,0,0,0,2,0,0,0,8,7,4,0,3,0,840,0,0,0,12,0,0,47,0,2,0,0,0,0,0,0,0,0,0,0,0,0,0,0,0,0,0,2,0,0,0,0,0,1,0,0,0,63,169,20,0,3,0,0,0,1,0,20,0,2,1,0,0,0,0,18,0,3,0,0,0,6,0,20,1663,0,0,21,23,0,0,0,0,0,1,16,0,10,0,0,38,0,0,39,0,0,0,0,26,0,0,1,0,0,0,45,0,99,0,0,83,0,15,0,6,0,10,0,7,0,1,0,0,0,0,0,0,0,0,0,3,1,3,0,0,0,0,0,0,2
Q_,1505,2347,641,12,42,1348,689,17,1941,3,492,0,1393,3610,1,789,0,1,43,22,2609,2,11,102,0,521,0,2,48,432,1757,881,0,451,448,315,505,0,2,4,130,47,0,4,0,954,5,209,26,0,1622,2171,525,9,105,211,1565,0,451,2223,551,68,41,1106,0,0,185,0,944,696,1554,1,17,69,0,186,142,406,929,0,108,0,1,0,37,2,5,3,135,205,0,1351,0,344,0,0,0,389,315,0,6,4,0,3,0,0,0,0,0,5,140,19,74,0,56,118,0,0,0,0,0,16,0,0,0,17,0,5,2,0,2,45,0,0,0,0,4,0,0,0,21,0,0,0,157,0,4,0,0,0,413,9,3,0,0,0,2,0,0,0,0,0,2,1,0,0,0,8,0,0,2,14,0,0,14,86,0,384,0,0,0,0,0,0,0,0,1,0,0,0,1,0,380,0,658,0,71,0,0,0,0,0,4900,41,4,0,1,739,0,29,979,0,0,1,0,0,5,0,2,2,2,15,0,0,0,0,462,0,0,0,156,0,0,1,0,0,1,3,0,0,11,0,47,16,0,0,0,0,1,46,28,0,0,0,16,4,0,0,47,136,0,0,0,0,0,0,0,35,0,0,0,20,0,0,0,105,0,623,5,0,0,3,0,132,2,0,0,1,0,2,2,0,0,0,0,8,6,0,0,0,250,0,0,0,551,0,0,0,0,13,5,13,17,207,0,0,39,0,3,20,0,0,8,19,0,0,0,0,0,1,507,0,180,0,4,0,0,0,0,0,0,0,0,0,0,0,1,2,1,2,0,0,0,0,7,68,5,0,18,0,0,0,0,0,0,2,0,1,0,0,0,0,0,0,8,5,0,3,0,0,0,0,7,6,0,74,0,4,58,0,16,0,30,0,0,1,0,0,0,0,0,0,0,3,0,11,0,0,15,0,995,0,0,0,0,0,0,0,0,3,0,110,0,10,3612,33,0,1714,37,543,4,0,57,438,35,73,1076,926,121,211,2218,59,188,403,44,0,706,950,3,66,35,9,4,17,142032,305,75,12,2271,690,42,24,315,0,15,244,12,6201,135,467,10,2775,1,18,951,23,2001,2,1740,0,16515,17,7,0,40,211,346,2424,989,0,562,8,423,5,4692,19,92,0,6,1,24,0,0,0,0,132,391,0,2,1,0,838,0,2,4,615,4,116,0,44,1345,0,47,222,2,0,32,366,1280,0,14,500,5,207,0,3381,1503,426,0,0,20,6,519,444,0,0,149,0,27,1906,0,0,6951,5,0,0,0,1365,1,423,0,226,2,730,0,2800,413,10,20,3,0,0,0,193,0,1,102,385,0,0,0,39,109,540,855,903,4,3955,89,1780,0,959,421,1513,32,512,181,55,15,1,138,275,0,1,0,0,2208,0,1028,0,50,0,338,23,9,0,1,162,0,0,0,0,48,9882,170,31,34635,1772,5,2,586,3,44,0,80,261,3261,242,17,0,90,3374,327,306,80,135,128,423,198,0,183,249,151,14,1,62,0,4,2540,125,33,2,306,14,294,151,634,1,610,1,1,0,5,45,1337,6,0,1429,62,5,7058,3,69,0,1,146,0,8,0,67,0,16,37,0,53,176,1244,0,0,23,0,4,5,1,0,485,495,32,150,100,135,400,47,13,21,0,133,0,1,0,35,0,22,5,4,186,1,55,992,4,1,15,48,1,20,178,34,100,91,107,67,4,53,0,3,2,0,15,4,41,1,112,106,69,22,0,341,1,3,23,146,0,1268,10,1,7,18,0,0,0,8782,0,0,0,11,7,55,0,1,0,0,0,0,0,3,0,8,0,0,0,2,0,315,0,0,0,135,0,120,3,0,0,0,0,0,724,0,0,2,0,0,16,39,2,0,0,1,0,0,0,0,0,24,0,0,0,20,0,0,0,0,80,26,0,0,0,0,10,1,1,349,0,0,14,0,0,1,110,0,2,2,1,6,0,0,0,0,0,0,0,0,1,0,0,5,0,0,0,0,0,0,0,0,0,0,0,2,0,0,12,0,0,0,1,0,0,0,11,8,16,0,25,0,963,0,0,0,11,0,0,52,0,3,0,0,0,0,0,0,0,0,0,0,0,1,0,0,0,0,0,5,0,0,0,0,0,2,0,0,0,93,208,27,4,1,5,0,0,1,0,24,0,0,1,0,0,0,0,28,0,0,0,0,0,2,0,14,1955,0,0,50,16,0,0,0,5,0,8,7,0,18,0,0,34,0,0,47,0,0,0,0,13,0,0,4,0,1,4,83,0,154,0,0,139,0,10,0,10,0,12,0,7,0,5,0,0,1,0,0,0,0,0,0,7,0,1,0,0,0,0,0,0,4
S_,1387,3728,761,18,62,1610,792,26,1908,1,735,0,1709,4675,1,1085,0,2,45,34,3648,3,8,142,0,866,0,10,53,627,2138,1297,0,766,608,435,583,0,1,6,189,71,0,10,2,986,8,276,59,0,1793,2515,697,10,106,344,2655,0,579,3120,638,70,106,1571,0,1,262,0,1307,894,1795,0,39,66,8,269,164,608,1585,0,205,0,1,1,51,9,5,2,225,388,0,1942,3,444,2,0,1,472,313,0,12,1,1,10,0,0,0,7,0,8,150,11,104,0,71,116,0,1,0,1,0,11,1,0,0,25,0,10,2,1,0,46,0,0,0,1,12,0,0,0,36,0,0,0,176,0,3,0,0,0,635,3,0,0,0,0,2,0,0,2,0,0,4,3,0,0,0,2,0,0,1,6,0,0,24,78,1,611,2,0,0,0,0,1,0,0,0,0,0,0,1,0,549,0,1160,0,111,0,0,0,0,9,6076,78,11,0,0,994,0,13,1123,0,4,1,0,0,4,0,0,2,1,23,0,0,0,1,445,0,0,1,393,1,0,0,0,0,0,2,0,0,9,0,58,13,0,0,0,0,1,47,49,2,0,0,35,12,0,1,60,130,0,0,0,0,0,0,0,76,0,0,0,13,0,0,2,124,0,910,0,0,0,1,0,172,7,0,0,1,0,0,0,0,3,0,0,8,6,0,0,0,356,0,0,0,776,0,0,0,0,14,7,16,16,91,0,0,115,0,0,33,0,0,10,2,0,0,0,0,1,2,676,0,354,0,10,0,0,0,0,0,2,1,0,0,0,0,1,2,0,2,0,2,0,0,7,101,5,0,27,0,0,0,0,0,0,8,0,1,0,0,0,0,0,1,4,2,0,28,0,0,4,0,23,19,0,74,0,0,61,0,21,0,63,0,0,0,0,0,0,0,0,0,0,0,0,6,0,0,7,0,1371,0,0,0,0,0,0,0,0,9,0,81,0,9,5090,36,0,2716,55,1087,8,0,68,622,24,122,1405,1182,243,261,3880,61,266,613,76,0,808,1021,0,87,59,15,9,18,125420,451,44,27,1565,1144,56,57,453,0,19,484,10,8423,253,585,22,15114,2,20,1738,46,2533,0,1807,1,17552,15,6,0,86,306,441,2610,1239,0,525,16,465,15,3312,19,74,0,2,2,17,0,0,0,0,158,475,5,0,2,0,961,0,0,2,517,4,151,0,70,1925,0,34,283,2,0,34,489,1374,0,20,586,1,304,0,4462,2499,540,0,1,20,6,789,670,0,0,220,0,48,2181,0,0,7491,4,0,1,0,1400,0,644,0,326,4,846,0,3878,544,5,21,11,1,0,0,184,0,0,152,557,0,0,0,68,203,772,986,1072,3,5354,86,2842,0,1387,565,1703,44,463,234,94,25,0,235,326,0,0,0,0,3048,0,985,0,74,1,475,28,4,0,11,198,0,7,2,2,90,11742,173,39,37172,2271,15,0,882,3,121,0,67,330,4359,303,9,0,153,5106,539,272,137,212,154,672,269,0,303,261,268,11,1,73,0,11,3204,101,18,0,281,29,445,174,1338,0,795,7,0,0,3,38,1578,14,0,1472,88,5,7545,0,81,0,0,245,0,15,0,76,0,24,37,0,49,186,1602,0,5,48,0,2,3,0,0,684,696,61,159,93,275,448,85,13,18,1,230,0,1,1,36,0,19,6,9,343,1,8,1555,7,0,38,51,7,10,232,49,126,71,179,79,5,130,0,9,1,0,19,7,32,0,109,107,81,22,0,229,1,9,12,200,0,1455,4,0,11,2,1,0,0,9344,0,1,0,16,13,63,0,0,0,0,0,0,0,0,0,18,0,0,0,0,0,413,0,0,0,158,0,139,6,0,0,0,0,0,751,0,0,3,0,0,21,50,4,0,0,12,0,0,0,2,0,40,0,0,0,19,0,0,0,0,142,41,0,0,0,0,6,0,0,670,0,0,6,0,0,0,102,0,1,0,0,6,2,0,0,0,0,0,0,0,3,1,0,7,0,0,0,0,0,0,0,0,0,0,0,0,0,0,18,1,0,2,2,0,0,0,6,6,11,0,56,0,1027,0,0,0,30,0,0,52,0,16,0,4,0,0,0,0,4,0,0,0,0,0,0,0,0,0,0,8,0,0,0,0,0,3,0,3,0,70,217,31,6,4,3,0,0,0,0,17,0,0,3,0,1,0,0,17,0,0,0,0,0,1,0,24,2309,2,0,53,31,0,0,0,9,0,7,10,0,21,0,0,47,0,0,55,0,0,0,0,21,0,0,0,0,0,0,78,0,141,0,0,174,0,7,0,15,0,6,0,6,0,7,0,0,0,1,0,0,0,0,0,6,1,0,0,0,0,0,0,0,0
